node,is_gam,is_boundary,error_rate,weighted_degree,min_incident_edge,has_weak_edge,betweenness,comm_boundary
SAN JOSE|CENTRAL|CARMEN,True,False,0.0625,0.6827924917035313,0.023732826342890465,True,0.0003464564267667165,True
SAN JOSE|CENTRAL|MERCED,True,False,0.0,0.8989018798553363,0.017487801647310484,True,0.004833489661233216,True
SAN JOSE|CENTRAL|HOSPITAL,True,False,0.0,0.9528403523965071,0.12778411634409928,False,0.0007774144210375102,True
SAN JOSE|CENTRAL|CATEDRAL,True,False,0.0,0.8369669966274743,0.07574134989194799,True,0.004436332293964053,True
SAN JOSE|CENTRAL|ZAPOTE,True,False,0.0,0.9781120756608589,0.16821139683355596,False,0.0059573605090374425,True
SAN JOSE|CENTRAL|SAN FRANCISCO DE DOS RIOS,True,False,0.0625,1.0148786804571577,0.09902542074645716,True,0.0007774144210375102,True
SAN JOSE|CENTRAL|URUCA,True,False,0.0,3.2029534075834314,0.04783453034266702,True,0.03238100066756238,True
SAN JOSE|CENTRAL|MATA REDONDA,True,False,0.0,1.236877656606334,0.05833967361678218,True,0.0014618771178205355,False
SAN JOSE|CENTRAL|PAVAS,True,False,1.0,1.8845483166491714,0.2081249361905396,False,0.034594941736169206,False
SAN JOSE|CENTRAL|HATILLO,True,False,0.0,1.3636738158550652,0.172573209077288,False,0.006608022578818837,True
SAN JOSE|CENTRAL|SAN SEBASTIAN,True,False,0.0,1.3147210583989708,0.033425118336599745,True,0.0034307636406655344,True
SAN JOSE|ESCAZU|ESCAZU,True,False,0.0,1.3333856378270594,0.017309090287459753,True,0.004275779315706306,False
SAN JOSE|ESCAZU|SAN ANTONIO,True,False,0.0,2.252392555873516,0.06739777036366491,True,0.02305202761511226,True
SAN JOSE|ESCAZU|SAN RAFAEL,True,False,0.0,2.667243218381623,0.08108147151598677,True,0.03979178813766995,False
SAN JOSE|DESAMPARADOS|DESAMPARADOS,True,False,0.0625,1.0557054332985203,0.06248875993388165,True,0.003836371164685105,False
SAN JOSE|DESAMPARADOS|SAN MIGUEL,True,False,1.0,3.2820733316800124,0.06248875993388165,True,0.03733279252330131,True
SAN JOSE|DESAMPARADOS|SAN JUAN DE DIOS,True,False,1.0,1.0119627582526287,0.05438043689883324,True,0.0038701717916867356,True
SAN JOSE|DESAMPARADOS|SAN RAFAEL ARRIBA,True,False,0.0,1.2950206934245263,0.09322380013357516,True,0.01078240001352025,False
SAN JOSE|DESAMPARADOS|SAN ANTONIO,True,False,0.0,1.1892207273685595,0.07621578674485616,True,0.0021632401281043764,True
SAN JOSE|DESAMPARADOS|FRAILES,True,True,0.0625,3.02225744602012,0.2796790251920342,False,0.0007436137940358793,True
SAN JOSE|DESAMPARADOS|PATARRA,True,False,1.0,2.29847649916991,0.17098117378067645,False,0.018776248299405954,True
SAN JOSE|DESAMPARADOS|SAN CRISTOBAL,True,True,0.1875,4.080622436796068,0.2622486354177475,False,0.016807361776560954,False
SAN JOSE|DESAMPARADOS|ROSARIO,True,False,0.0,4.02661340812463,0.012976571755217922,True,0.007436137940358794,True
SAN JOSE|DESAMPARADOS|DAMAS,True,False,0.0625,0.9054513110522381,0.10999102363768581,False,5.915109725285404e-05,False
SAN JOSE|DESAMPARADOS|SAN RAFAEL ABAJO,True,False,0.9375,0.9474305307363479,0.11712159797456008,False,0.00019435360525937756,False
SAN JOSE|DESAMPARADOS|GRAVILIAS,True,False,0.0,0.9242161445862584,0.09966241136488212,True,8.45015675040772e-05,False
SAN JOSE|DESAMPARADOS|LOS GUIDO,True,False,1.0,0.9726121096040793,0.10999102363768581,False,0.0,False
SAN JOSE|PURISCAL|SANTIAGO,False,False,1.0,4.394959107877067,0.2136398868172816,False,0.010021885905983557,False
SAN JOSE|PURISCAL|MERCEDES SUR,False,False,0.0,9.989747543503345,0.2754680206488015,False,0.04536044143618864,False
SAN JOSE|PURISCAL|BARBACOAS,False,True,0.0,2.243434336395268,0.06513614582134558,True,0.002957554862642702,False
SAN JOSE|PURISCAL|GRIFO ALTO,False,True,0.0,2.919386724166816,0.3248716526310994,False,0.005999611292789481,False
SAN JOSE|PURISCAL|SAN ANTONIO,False,True,0.0,2.817555286527178,0.16094391812735873,False,0.0030082558031451485,False
SAN JOSE|PURISCAL|CANDELARITA,False,False,1.0,3.2787491163373685,0.13074525198979697,False,0.01226962760159201,False
SAN JOSE|PURISCAL|DESAMPARADITOS,False,True,0.125,1.7152758617658603,0.16094391812735873,False,3.380062700163088e-05,False
SAN JOSE|PURISCAL|SAN RAFAEL,False,True,0.0,2.7400422681711945,0.14816659155541706,False,0.001056269593800965,False
SAN JOSE|PURISCAL|CHIRES,False,False,0.0,11.926012726615058,1.4644646263131256,False,0.09132929415840664,False
SAN JOSE|TARRAZU|SAN MARCOS,False,False,1.0,3.823899716928865,0.28809635555283,False,0.005044743579993409,False
SAN JOSE|TARRAZU|SAN LORENZO,False,False,1.0,8.202071079854454,0.20756604105771032,False,0.01334279750889379,False
SAN JOSE|TARRAZU|SAN CARLOS,False,True,1.0,5.2671288488528205,0.05918874330560826,True,0.006979829475836777,True
SAN JOSE|ASERRI|ASERRI,True,False,0.0,2.405517390918458,0.09322380013357516,True,0.01761012666784969,True
SAN JOSE|ASERRI|TARBACA,True,True,0.0,2.7777882994991367,0.023006335546982542,True,0.003177258938153303,True
SAN JOSE|ASERRI|VUELTA DE JORCO,True,True,0.75,3.6000009743724206,0.35060831218091043,False,0.010224689667993342,False
SAN JOSE|ASERRI|SAN GABRIEL,True,False,0.0,2.593658829326275,0.25297695008979326,False,0.004554634488469761,False
SAN JOSE|ASERRI|LEGUA,True,True,0.0,6.596596326742224,0.3938731224377466,False,0.00986133292772581,True
SAN JOSE|ASERRI|MONTERREY,True,True,0.1875,2.4860392656343087,0.012976571755217922,True,0.0005999611292789481,True
SAN JOSE|ASERRI|SALITRILLOS,True,False,1.0,2.623704956901156,0.10344740083119137,False,0.020043771811967113,False
SAN JOSE|MORA|COLON,True,False,0.0,4.480573560665295,0.2619285101245116,False,0.03437523766065861,True
SAN JOSE|MORA|GUAYABO,True,True,1.0,1.7709735572135785,0.14816659155541706,False,0.00027885517276345475,False
SAN JOSE|MORA|TABARCIA,True,True,0.625,5.336677770111745,0.06739777036366491,True,0.05817932922655716,True
SAN JOSE|MORA|PIEDRAS NEGRAS,True,True,1.0,2.6279366553018506,0.176144663979624,False,0.0031519084679020796,True
SAN JOSE|MORA|PICAGRES,True,True,0.875,3.351658240154844,0.06513614582134558,True,0.006143263957546412,True
SAN JOSE|MORA|JARIS,True,True,0.0,1.1944419966568312,0.19415619545214086,False,0.0,False
SAN JOSE|MORA|QUITIRRISI,True,False,1.0,3.584779984492038,0.0797037116319785,True,0.029195291572658672,True
SAN JOSE|GOICOECHEA|GUADALUPE,True,False,0.0,1.2891773769986494,0.03784268049565199,True,0.000845015675040772,False
SAN JOSE|GOICOECHEA|SAN FRANCISCO,True,False,0.125,0.49976221281085276,0.017487801647310484,True,0.0001690031350081544,True
SAN JOSE|GOICOECHEA|CALLE BLANCOS,True,False,0.0625,0.8749357532173239,0.08476504757712988,True,0.004022274613194075,True
SAN JOSE|GOICOECHEA|MATA DE PLATANO,True,False,0.0,3.1063852665222393,0.05893417806801149,True,0.043340853972841195,False
SAN JOSE|GOICOECHEA|IPIS,True,False,0.0,1.3867724535778747,0.018130246941299742,True,0.015066629485976965,False
SAN JOSE|GOICOECHEA|RANCHO REDONDO,True,False,1.0,3.6984934652180166,0.018130246941299742,True,0.058390583145317344,False
SAN JOSE|GOICOECHEA|PURRAL,True,False,1.0,1.716744922172778,0.060112498971772454,True,0.0010647197505513728,False
SAN JOSE|SANTA ANA|SANTA ANA,True,False,0.0625,1.2202756833483162,0.017309090287459753,True,0.0,False
SAN JOSE|SANTA ANA|SALITRAL,True,False,0.0,2.55200794177617,0.0797037116319785,True,0.025105415705461338,True
SAN JOSE|SANTA ANA|POZOS,True,False,0.0,2.392028378095169,0.057600434159011824,True,0.04076355616396684,False
SAN JOSE|SANTA ANA|URUCA,True,False,0.0,1.9404128874843691,0.25963286941682423,False,0.00039715736726916287,False
SAN JOSE|SANTA ANA|PIEDADES,True,False,0.0,1.9697119958453615,0.057600434159011824,True,0.0019266357390929601,True
SAN JOSE|SANTA ANA|BRASIL,True,False,0.0,1.0443672934467347,0.06539220242108178,True,0.0,True
SAN JOSE|ALAJUELITA|ALAJUELITA,True,False,0.9375,0.602970475048388,0.06566318734617359,True,0.0,True
SAN JOSE|ALAJUELITA|SAN JOSECITO,True,False,1.0,0.8366344867909932,0.0926025971515319,True,0.0003464564267667165,True
SAN JOSE|ALAJUELITA|SAN ANTONIO,True,True,1.0,1.9843335652978338,0.023006335546982542,True,0.009751480889970509,True
SAN JOSE|ALAJUELITA|CONCEPCION,True,False,1.0,0.9484328564206619,0.02580812442804683,True,0.00037180689701793966,True
SAN JOSE|ALAJUELITA|SAN FELIPE,True,False,0.9375,1.2594990501342282,0.05833967361678218,True,0.012227376817839971,False
SAN JOSE|VAZQUEZ DE CORONADO|SAN ISIDRO,True,False,0.0,2.5411087462493973,0.008275897165389998,True,0.020035321655216706,False
SAN JOSE|VAZQUEZ DE CORONADO|SAN RAFAEL,True,False,0.0,3.2986390979516167,0.032357456030951505,True,0.0701701016553857,False
SAN JOSE|VAZQUEZ DE CORONADO|DULCE NOMBRE DE JESUS,True,True,0.0,9.25067257621228,0.032357456030951505,True,0.13436594248823316,True
SAN JOSE|VAZQUEZ DE CORONADO|PATALILLO,True,False,0.0,0.9228094257727983,0.1777834950343971,False,0.0015801793123262438,False
SAN JOSE|VAZQUEZ DE CORONADO|CASCAJAL,True,False,0.0,8.017190891573236,0.05771356816663381,True,0.0902983750348569,False
SAN JOSE|ACOSTA|SAN IGNACIO,False,True,0.9375,3.191407631135187,0.28317593508633465,False,0.001267523512561158,False
SAN JOSE|ACOSTA|GUAITIL,False,True,0.0,5.150650647981859,0.13074525198979697,False,0.05724981198401231,False
SAN JOSE|ACOSTA|PALMICHAL,False,True,0.25,3.7606313306306407,0.204965988909073,False,0.005010942952991778,True
SAN JOSE|ACOSTA|CANGREJAL,False,True,0.0,4.529406301251989,0.3587948616534459,False,0.012151325407086301,False
SAN JOSE|ACOSTA|SABANILLAS,False,True,0.0,7.853899285380589,0.2754680206488015,False,0.07440363018733998,False
SAN JOSE|TIBAS|SAN JUAN,True,False,0.0625,1.5756495428426989,0.03221574957141146,True,0.011703467099314692,True
SAN JOSE|TIBAS|CINCO ESQUINAS,True,False,1.0,0.6352227790628467,0.03152908839136753,True,1.690031350081544e-05,True
SAN JOSE|TIBAS|ANSELMO LLORENTE,True,False,0.0,0.7103843272573653,0.03152908839136753,True,0.0007943147345383257,True
SAN JOSE|TIBAS|LEON XIII,True,False,1.0,0.4710719143098793,0.1335769367642161,False,0.0,True
SAN JOSE|TIBAS|COLIMA,True,False,0.0625,0.9646015782503531,0.14127718722209184,False,0.005602453925520319,True
SAN JOSE|MORAVIA|SAN VICENTE,True,False,0.0,1.5459021921835465,0.008275897165389998,True,0.012337228855595272,False
SAN JOSE|MORAVIA|SAN JERONIMO,True,False,0.0,3.7036750952037822,0.09540231420205009,True,0.042521188768051645,False
SAN JOSE|MORAVIA|LA TRINIDAD,True,False,0.0,1.5772910472089365,0.09540231420205009,True,0.0023153429496117154,False
SAN JOSE|MONTES DE OCA|SAN PEDRO,True,False,0.0625,1.3784482783121716,0.019921719324672058,True,0.012810437633618103,False
SAN JOSE|MONTES DE OCA|SABANILLA,True,False,0.0,1.0299265751954958,0.106383241740559,False,0.015691941085507137,False
SAN JOSE|MONTES DE OCA|MERCEDES,True,False,0.0,0.9168893670310874,0.023732826342890465,True,0.0006760125400326176,False
SAN JOSE|MONTES DE OCA|SAN RAFAEL,True,False,0.0,2.4442410490319832,0.019921719324672058,True,0.016198950490531598,False
SAN JOSE|TURRUBARES|SAN PABLO,False,True,0.0,3.746926748297807,0.06315483937266624,True,0.011061255186283706,True
SAN JOSE|TURRUBARES|SAN PEDRO,False,False,1.0,4.073373790548494,0.15699425145213075,False,0.014517369297200463,False
SAN JOSE|TURRUBARES|SAN JUAN DE MATA,False,False,0.0,6.122444737281507,0.06315483937266624,True,0.02502091413795726,True
SAN JOSE|TURRUBARES|SAN LUIS,False,False,0.0,4.061105603756403,1.0378713821330554,False,0.01726367024108297,False
SAN JOSE|TURRUBARES|CARARA,False,False,0.0,10.134098558854568,0.7490197748736911,False,0.050177030783921044,False
SAN JOSE|DOTA|SANTA MARIA,False,False,1.0,6.43607297992302,0.27258492349359204,False,0.020880337330257476,False
SAN JOSE|DOTA|JARDIN,False,True,1.0,3.6179565938124516,0.28809635555283,False,0.0,False
SAN JOSE|DOTA|COPEY,False,True,1.0,11.39182186553599,0.08750178518214848,True,0.11441512240052053,False
SAN JOSE|CURRIDABAT|CURRIDABAT,True,False,0.0,1.6086451756788327,0.11033928522702693,False,0.005577103455269095,True
SAN JOSE|CURRIDABAT|GRANADILLA,True,False,0.0625,1.1309836312326726,0.03922243088569333,True,0.008213552361396304,False
SAN JOSE|CURRIDABAT|SANCHEZ,True,False,0.0,1.2470952058931102,0.05462597703710385,True,0.0010647197505513728,False
SAN JOSE|CURRIDABAT|TIRRASES,True,False,1.0,0.9854030706226282,0.13169845668441016,False,0.00010140188100489264,True
SAN JOSE|PEREZ ZELEDON|SAN ISIDRO DE EL GENERAL,False,False,0.0,10.777548620207693,0.20534443944399486,False,0.00392932288893959,False
SAN JOSE|PEREZ ZELEDON|EL GENERAL,False,False,0.0,6.895022599556796,1.713134228249288,False,0.010385242646251088,False
SAN JOSE|PEREZ ZELEDON|DANIEL FLORES,False,False,0.0,7.277922440879455,0.1585559081757443,False,0.00489264075848607,False
SAN JOSE|PEREZ ZELEDON|RIVAS,False,True,0.0,11.184508312776353,0.1585559081757443,False,0.18369795759711344,True
SAN JOSE|PEREZ ZELEDON|SAN PEDRO,False,False,0.0,8.61525700174954,0.767953837033481,False,0.0008365655182903643,True
SAN JOSE|PEREZ ZELEDON|PLATANARES,False,False,0.0,7.361607820514881,0.20534443944399486,False,0.00489264075848607,False
SAN JOSE|PEREZ ZELEDON|PEJIBAYE,False,False,0.0,8.317906443608106,0.35079805612308046,False,0.003498364894668796,True
SAN JOSE|PEREZ ZELEDON|CAJON,False,False,0.0,7.525103640680278,0.27874382358487737,False,0.0018505843283392908,False
SAN JOSE|PEREZ ZELEDON|BARU,False,False,0.0,9.0058530423868,1.8364968853562862,False,0.027775665238590177,False
SAN JOSE|PEREZ ZELEDON|RIO NUEVO,False,False,0.0,12.615736350969142,0.028331656150127605,True,0.12452996003075857,False
SAN JOSE|PEREZ ZELEDON|PARAMO,False,True,0.0,10.137476486210101,1.110507022856305,False,0.1750027463009439,False
SAN JOSE|PEREZ ZELEDON|LA AMISTAD,False,False,0.0,7.255985566249361,0.2512490902565485,False,0.0032955611326590107,True
SAN JOSE|LEON CORTES CASTRO|SAN PABLO,False,False,1.0,2.7245233523175454,0.18711534124265491,False,2.535047025122316e-05,False
SAN JOSE|LEON CORTES CASTRO|SAN ANDRES,False,True,1.0,2.6782953397415166,0.051192784994732926,True,0.0011069705343034113,True
SAN JOSE|LEON CORTES CASTRO|LLANO BONITO,False,True,1.0,3.8247672286745935,0.051192784994732926,True,0.004123676494198967,True
SAN JOSE|LEON CORTES CASTRO|SAN ISIDRO,False,False,1.0,2.684800390261794,0.05918874330560826,True,5.915109725285404e-05,False
SAN JOSE|LEON CORTES CASTRO|SANTA CRUZ,False,True,1.0,3.168922975009039,0.18711534124265491,False,0.003312461446159826,False
SAN JOSE|LEON CORTES CASTRO|SAN ANTONIO,False,True,1.0,2.112820079219651,0.2796790251920342,False,0.0002450545457618239,False
ALAJUELA|CENTRAL|ALAJUELA,True,False,1.0,2.4568961998847842,0.13192706328514606,False,0.018074885289122114,False
ALAJUELA|CENTRAL|SAN JOSE,True,False,1.0,2.597491282950162,0.19586405846688262,False,0.004622235742473023,False
ALAJUELA|CENTRAL|CARRIZAL,True,False,1.0,2.3374546185099314,0.20693456738404817,False,0.0017322821338335826,False
ALAJUELA|CENTRAL|SAN ANTONIO,True,False,1.0,2.5361520659267316,0.055155248995414796,True,0.002230841382107638,False
ALAJUELA|CENTRAL|GUACIMA,True,False,1.0,4.316409609628462,0.13151298785000803,False,0.0723502420969909,True
ALAJUELA|CENTRAL|SAN ISIDRO,True,False,1.0,5.007272731065608,0.19586405846688262,False,0.025401171191725608,False
ALAJUELA|CENTRAL|SABANILLA,True,False,1.0,6.976443239841949,0.2702638919505144,False,0.11586009920484025,True
ALAJUELA|CENTRAL|SAN RAFAEL,True,False,1.0,3.5836666281625704,0.11427875439434343,False,0.05404720257560778,True
ALAJUELA|CENTRAL|RIO SEGUNDO,True,False,1.0,1.6154180814424768,0.008113958176439246,True,0.005982710979288666,False
ALAJUELA|CENTRAL|DESAMPARADOS,True,False,1.0,2.2358161908784404,0.21092858190547187,False,0.014365266475693124,False
ALAJUELA|CENTRAL|TURRUCARES,True,False,1.0,3.661045950350102,0.07575402531013985,True,0.06543801387515738,True
ALAJUELA|CENTRAL|TAMBOR,True,True,1.0,3.3647534424182717,0.2119767455020118,False,0.05480771668314447,False
ALAJUELA|CENTRAL|GARITA,True,True,1.0,3.789615604862923,0.12398273540599322,False,0.06003836371164685,False
ALAJUELA|CENTRAL|SARAPIQUI,True,True,0.0625,7.665822486351585,0.18259918977737646,False,0.13919943214946637,True
ALAJUELA|SAN RAMON|SAN RAMON,False,False,1.0,0.5084161119821053,0.021289718927038397,True,0.0,False
ALAJUELA|SAN RAMON|SANTIAGO,False,False,0.0,6.165221174955035,0.021289718927038397,True,0.07423462705233182,False
ALAJUELA|SAN RAMON|SAN JUAN,False,False,0.0,1.1262783604197535,0.08037915357501599,True,0.0,False
ALAJUELA|SAN RAMON|PIEDADES NORTE,False,False,0.0,5.936446856148663,0.0288181040706521,True,0.012244277131340787,False
ALAJUELA|SAN RAMON|PIEDADES SUR,False,False,0.0,6.093542465323499,0.14306698386582914,False,0.06597037375043308,False
ALAJUELA|SAN RAMON|SAN RAFAEL,False,True,0.0,4.137960592242826,0.1124732036252094,False,0.03135853170076305,True
ALAJUELA|SAN RAMON|SAN ISIDRO,False,False,0.0,1.8719899892240994,0.14311900968013155,False,0.004867290288234847,True
ALAJUELA|SAN RAMON|ANGELES,False,False,0.0,7.273618742672515,0.17316657664522883,False,0.04454077623139909,False
ALAJUELA|SAN RAMON|ALFARO,False,False,0.0625,2.4250900470859342,0.12233692210405793,False,0.0036335674026753196,False
ALAJUELA|SAN RAMON|VOLIO,False,False,0.0,3.703293050481812,0.2233852797709875,False,0.019063553628919816,True
ALAJUELA|SAN RAMON|CONCEPCION,False,False,0.0625,2.1685754542112283,0.12467127382703931,False,0.0114922131805545,True
ALAJUELA|SAN RAMON|ZAPOTAL,False,False,0.0,5.551068406811136,0.31494928484430923,False,0.06497325525388496,False
ALAJUELA|SAN RAMON|PEÑAS BLANCAS,False,False,0.0,12.994235915161855,0.09663397842620017,True,0.14682992369508455,True
ALAJUELA|SAN RAMON|SAN LORENZO,False,False,0.0,12.992014892822167,0.1164149895765006,False,0.13214355126287594,True
ALAJUELA|GRECIA|GRECIA,False,False,0.0,1.89568617982087,0.17803021044002534,False,0.0,False
ALAJUELA|GRECIA|SAN ISIDRO,False,True,0.0,4.200160875830633,0.10822002538594121,False,0.004765888407229954,True
ALAJUELA|GRECIA|SAN JOSE,False,True,0.125,3.58010186826931,0.11561111433131618,False,0.0013266746098140121,False
ALAJUELA|GRECIA|SAN ROQUE,False,False,0.0,5.906474036253632,0.07605545019365184,True,0.011678116629063469,True
ALAJUELA|GRECIA|TACARES,False,True,0.0,3.8618206747246404,0.0371649969415065,True,0.01726367024108297,False
ALAJUELA|GRECIA|PUENTE DE PIEDRA,False,True,0.0,3.4058871012213525,0.0826184792118832,True,0.01523563262098512,False
ALAJUELA|GRECIA|BOLIVAR,False,False,0.0,4.553908555011281,0.16407663401141892,False,0.009261371798446862,True
ALAJUELA|SAN MATEO|SAN MATEO,False,False,0.0,4.954346739673899,0.02812975841848953,True,0.04246203767079879,False
ALAJUELA|SAN MATEO|DESMONTE,False,True,0.0,3.031207526023833,0.09188554383110113,True,0.017576326040848057,True
ALAJUELA|SAN MATEO|JESUS MARIA,False,False,0.0,3.0312276753455465,0.34361229798539894,False,0.0010309191235497418,False
ALAJUELA|SAN MATEO|LABRADOR,False,False,0.0,3.538665223404636,0.5722763540804939,False,0.008754362393422399,False
ALAJUELA|ATENAS|ATENAS,True,True,0.0,2.0942866895618932,0.06397612144011991,True,5.915109725285404e-05,False
ALAJUELA|ATENAS|JESUS,True,True,0.0,4.084833110856165,0.09359154077672328,True,0.01997617055796385,True
ALAJUELA|ATENAS|MERCEDES,True,False,1.0,2.3501792326873607,0.3011562762573083,False,0.0026956000033800625,False
ALAJUELA|ATENAS|SAN ISIDRO,True,True,1.0,2.0721382708152345,0.09188554383110113,True,0.0017660827608352136,True
ALAJUELA|ATENAS|CONCEPCION,True,False,1.0,3.173101157167488,0.3987225467240348,False,0.010461294057004758,True
ALAJUELA|ATENAS|SAN JOSE,True,True,0.9375,2.3439218935873263,0.21663791230204385,False,0.001267523512561158,False
ALAJUELA|ATENAS|SANTA EULALIA,True,True,0.9375,2.430784926840611,0.1868793478950332,False,0.004960242012489332,False
ALAJUELA|ATENAS|ESCOBAL,True,True,1.0,2.8086425184090222,0.26801028324826903,False,0.01526943324798675,True
ALAJUELA|NARANJO|NARANJO,False,False,0.0,3.2695155891240653,0.03552542293965214,True,0.005501052044515426,False
ALAJUELA|NARANJO|SAN MIGUEL,False,False,0.0,2.862798779215203,0.017507761308521858,True,0.004157477121200599,False
ALAJUELA|NARANJO|SAN JOSE,False,False,0.0,2.304211745065904,0.1180622830249556,False,0.0009295172425448493,True
ALAJUELA|NARANJO|CIRRI SUR,False,False,0.0,3.5561709004020594,0.3181203621321316,False,0.00392932288893959,True
ALAJUELA|NARANJO|SAN JERONIMO,False,False,0.0,3.0493197808149275,0.04735833554176438,True,0.0014703272745709432,True
ALAJUELA|NARANJO|SAN JUAN,False,False,0.0,2.0841390264837454,0.28093595570459573,False,0.008095250166890595,True
ALAJUELA|NARANJO|EL ROSARIO,False,True,0.0,2.720408115697982,0.14406692083647873,False,0.0035828664621728734,False
ALAJUELA|NARANJO|PALMITOS,False,False,0.0,1.9348908613773754,0.19615182809415016,False,0.00023660438901141617,True
ALAJUELA|PALMARES|PALMARES,False,False,0.875,0.5671168169710654,0.10070431142061283,False,0.0,False
ALAJUELA|PALMARES|ZARAGOZA,False,False,0.0,2.383138410138699,0.0966714597917001,True,0.014948327291471258,True
ALAJUELA|PALMARES|BUENOS AIRES,False,False,0.0625,1.4675967441167495,0.09027873408959047,True,8.45015675040772e-05,True
ALAJUELA|PALMARES|SANTIAGO,False,True,0.0,1.5786868991065033,0.23556042371506475,False,5.915109725285404e-05,True
ALAJUELA|PALMARES|CANDELARIA,False,True,0.125,1.3425910499095952,0.14406692083647873,False,0.0010393692803001497,False
ALAJUELA|PALMARES|ESQUIPULAS,False,False,0.0,1.314044540962319,0.14316223110924436,False,0.0007689642642871025,False
ALAJUELA|PALMARES|LA GRANJA,False,False,0.875,1.144232370246868,0.10070431142061283,False,0.0,True
ALAJUELA|POAS|SAN PEDRO,True,True,1.0,3.3130238450743725,0.0371649969415065,True,0.011678116629063469,False
ALAJUELA|POAS|SAN JUAN,True,True,1.0,3.928941717367339,0.11561111433131618,False,0.012911839514622997,True
ALAJUELA|POAS|SAN RAFAEL,True,True,0.625,2.7164456622041087,0.32735424449911443,False,0.0031941592516541184,False
ALAJUELA|POAS|CARRILLOS,True,True,1.0,2.463391740108675,0.2702638919505144,False,0.009143069603941152,False
ALAJUELA|POAS|SABANA REDONDA,True,False,1.0,3.2093312487214485,0.18259918977737646,False,0.01646090534979424,True
ALAJUELA|OROTINA|OROTINA,False,False,0.0,3.1545606687269063,0.1774626478749527,False,0.02082963638975503,True
ALAJUELA|OROTINA|EL MASTATE,False,False,0.0625,2.179071655453982,0.3766509855173338,False,0.0,True
ALAJUELA|OROTINA|HACIENDA VIEJA,False,True,0.0,2.348382728520048,0.048285509421213194,True,0.0014956777448221666,True
ALAJUELA|OROTINA|COYOLAR,False,False,0.0,3.8457782346131575,0.3617813635267224,False,0.0007605141075366948,True
ALAJUELA|OROTINA|LA CEIBA,False,False,0.0,5.9545165495890116,0.02812975841848953,True,0.02215631099956904,True
ALAJUELA|SAN CARLOS|QUESADA,False,False,0.0,7.112329201909548,0.2736563517586408,False,0.01282733794711892,False
ALAJUELA|SAN CARLOS|FLORENCIA,False,False,0.0,9.002522118732296,0.4867922365320635,False,0.018269238894381493,True
ALAJUELA|SAN CARLOS|BUENAVISTA,False,False,0.0,2.991174662565512,0.9551287215314235,False,0.0033969630136639036,False
ALAJUELA|SAN CARLOS|AGUAS ZARCAS,False,False,0.0,12.599196607786919,0.37290281596448005,False,0.04977142325990147,True
ALAJUELA|SAN CARLOS|VENECIA,False,False,0.0,6.268278958536823,0.2269068464481462,False,0.03121487903600612,False
ALAJUELA|SAN CARLOS|PITAL,False,False,0.0,13.948652454080193,0.29500819243234017,False,0.3270126160840284,True
ALAJUELA|SAN CARLOS|LA FORTUNA,False,False,0.0,12.58341253507414,0.4020385409121123,False,0.11767688290617791,True
ALAJUELA|SAN CARLOS|LA TIGRA,False,False,0.0,4.189837101112838,0.4867922365320635,False,0.0,False
ALAJUELA|SAN CARLOS|LA PALMERA,False,False,0.0,9.660001044371121,0.052030691919806714,True,0.032000743613794035,True
ALAJUELA|SAN CARLOS|VENADO,False,False,0.0,8.788916886749472,0.7724035926303743,False,0.0142300639676866,True
ALAJUELA|SAN CARLOS|CUTRIS,False,False,0.0,23.71938084132201,0.5119447704981152,False,0.3223650298713041,True
ALAJUELA|SAN CARLOS|MONTERREY,False,False,0.0,11.88586785539908,0.5119447704981152,False,0.13653763277308795,True
ALAJUELA|SAN CARLOS|POCOSOL,False,False,0.0,28.185361591199555,1.5535635533165268,False,0.32704641671103,False
ALAJUELA|ZARCERO|ZARCERO,False,False,1.0,2.1061786542877754,0.20164596606308333,False,0.0,True
ALAJUELA|ZARCERO|LAGUNA,False,False,1.0,5.142420380735588,0.12499467482699778,False,0.010892252051275551,True
ALAJUELA|ZARCERO|TAPESCO,False,False,1.0,1.9582762569697318,0.20926588456613107,False,0.0,True
ALAJUELA|ZARCERO|GUADALUPE,False,False,0.0,3.291978031524517,0.29352629750209586,False,0.004174377434701414,True
ALAJUELA|ZARCERO|PALMIRA,False,False,1.0,3.4053214310444817,0.04735833554176438,True,0.008923365528430552,True
ALAJUELA|ZARCERO|ZAPOTE,False,False,1.0,4.169377077672576,0.2736563517586408,False,0.0009717680262968879,False
ALAJUELA|ZARCERO|BRISAS,False,False,1.0,3.1578271353524534,0.13284078874887068,False,0.003016705959895556,True
ALAJUELA|SARCHI|SARCHI NORTE,False,False,0.0,4.886993976761969,0.06466657987972001,True,0.02436180191142546,True
ALAJUELA|SARCHI|SARCHI SUR,False,False,0.0,1.9830600763697785,0.017507761308521858,True,8.45015675040772e-06,False
ALAJUELA|SARCHI|TORO AMARILLO,False,True,0.0,5.830993744336986,0.052030691919806714,True,0.037434194404306204,True
ALAJUELA|SARCHI|SAN PEDRO,False,False,0.0,4.013138321800034,0.15075772592298528,False,0.011745717883066732,True
ALAJUELA|SARCHI|RODRIGUEZ,False,False,0.0,2.3671576475794627,0.03552542293965214,True,0.004985592482740555,False
ALAJUELA|UPALA|UPALA,False,False,0.0,10.352786477018038,0.28894203155792786,False,0.037941203809330665,True
ALAJUELA|UPALA|AGUAS CLARAS,False,False,0.0,11.572487069956397,0.1096406915628458,False,0.018362190618635976,False
ALAJUELA|UPALA|SAN JOSE O PIZOTE,False,False,0.0,9.240084672798835,0.28894203155792786,False,0.028375626367869125,False
ALAJUELA|UPALA|BIJAGUA,False,False,0.0,7.812463054211142,0.2909702157469315,False,0.004241978688704675,True
ALAJUELA|UPALA|DELICIAS,False,False,0.0,3.996016184197157,0.18741550732379286,False,0.03125712981975816,False
ALAJUELA|UPALA|DOS RIOS,False,False,0.0,9.720495363573809,0.27524636945719505,False,0.009514876500959092,False
ALAJUELA|UPALA|YOLILLAL,False,False,0.0,5.005379230712202,0.06496661941822526,True,0.040526951774955425,True
ALAJUELA|UPALA|CANALETE,False,False,0.0,7.394480478702782,0.9241977563416661,False,0.00047320877802283233,False
ALAJUELA|LOS CHILES|LOS CHILES,False,False,0.0,12.066898323638299,2.851902501154576,False,0.04952636871413965,False
ALAJUELA|LOS CHILES|CAÑO NEGRO,False,False,0.0,10.168856351281017,0.6067568848138225,False,0.04653501322449532,True
ALAJUELA|LOS CHILES|EL AMPARO,False,False,0.0,13.157933052169435,1.2611215649525045,False,0.00010985203775530037,False
ALAJUELA|LOS CHILES|SAN JORGE,False,False,0.0,12.791775385891546,0.010088369234890645,True,0.14154857572607973,False
ALAJUELA|GUATUSO|SAN RAFAEL,False,False,0.0,15.050598574394952,1.3707757945988763,False,0.13821076380966868,False
ALAJUELA|GUATUSO|BUENAVISTA,False,False,0.0,8.047774824391752,0.010088369234890645,True,0.0002450545457618239,False
ALAJUELA|GUATUSO|COTE,False,False,0.0,8.154432823590955,0.31820356840858993,False,0.12540032617605057,True
ALAJUELA|GUATUSO|KATIRA,False,False,0.0,8.393088112465453,0.06496661941822526,True,0.007064331043340854,True
ALAJUELA|RIO CUARTO|RIO CUARTO,False,True,0.0,6.92484192793601,0.7023522729975262,False,0.01575109218275999,False
ALAJUELA|RIO CUARTO|SANTA RITA,False,True,0.0,4.392171547349649,0.2269068464481462,False,8.45015675040772e-06,True
ALAJUELA|RIO CUARTO|SANTA ISABEL,False,False,0.0,5.770381189096123,1.2340120324541417,False,0.0029491047058922944,True
CARTAGO|CENTRAL|ORIENTAL,True,False,0.0,0.7731995991690546,0.1074807570454951,False,0.0,True
CARTAGO|CENTRAL|OCCIDENTAL,True,False,0.0625,0.7403239255666592,0.06323546895203304,True,0.0,True
CARTAGO|CENTRAL|CARMEN,True,False,0.0,1.1694937413621538,0.10601208748709269,False,0.0002535047025122316,False
CARTAGO|CENTRAL|SAN NICOLAS,True,False,0.0,3.5716764940403074,0.010682857199282175,True,0.03426538562290331,False
CARTAGO|CENTRAL|AGUACALIENTE O SAN FRANCISCO,True,True,0.125,8.888510683004336,0.09826658253490665,True,0.016148249550029154,True
CARTAGO|CENTRAL|GUADALUPE O ARENILLA,True,False,0.0,2.2886044699976504,0.04913947009737256,True,0.022367564918329235,True
CARTAGO|CENTRAL|CORRALILLO,True,False,0.0,3.586308704112474,0.17311964460940024,False,0.004563084645220169,True
CARTAGO|CENTRAL|TIERRA BLANCA,True,False,0.0,2.9797277530307023,0.10311465515130594,False,0.01972266585545162,False
CARTAGO|CENTRAL|DULCE NOMBRE,True,True,0.125,8.575309953512255,0.08750178518214848,True,0.01924100692067838,True
CARTAGO|CENTRAL|LLANO GRANDE,True,False,0.0,4.277175236950885,0.05771356816663381,True,0.039234077792143045,False
CARTAGO|CENTRAL|QUEBRADILLA,True,False,0.0,3.935245665952589,0.002216852454142012,True,0.07861180824904303,True
CARTAGO|PARAISO|PARAISO,True,False,0.0,3.9431216255012775,0.17700720017021862,False,0.007453038253859609,True
CARTAGO|PARAISO|SANTIAGO,True,True,0.0625,3.946819436058452,0.23818374858644764,False,0.003920872732189182,False
CARTAGO|PARAISO|OROSI,True,True,0.1875,9.19589526734863,0.3301366877174183,False,0.032313399413559124,True
CARTAGO|PARAISO|CACHI,True,True,0.0625,4.2530158379771,0.053998403294125384,True,0.017212969300580527,True
CARTAGO|PARAISO|LLANOS DE SANTA LUCIA,True,False,1.0,1.4879104627472675,0.12599270596472942,False,3.380062700163088e-05,True
CARTAGO|PARAISO|BIRRISITO,True,False,0.0,1.7323761288717234,0.18874332464598556,False,0.0,False
CARTAGO|LA UNION|TRES RIOS,True,False,0.1875,0.8177879875956406,0.07055456437604668,True,0.0,False
CARTAGO|LA UNION|SAN DIEGO,True,False,0.0,1.702734612676122,0.2637907526700589,False,0.009481075873957462,True
CARTAGO|LA UNION|SAN JUAN,True,False,0.0,1.3398007648878965,0.07055456437604668,True,0.0041912777482022295,True
CARTAGO|LA UNION|SAN RAFAEL,True,False,0.0,1.9059576171615613,0.002216852454142012,True,0.007647391859118987,True
CARTAGO|LA UNION|CONCEPCION,True,False,0.0,1.3693644403375287,0.03922243088569333,True,0.00015210282150733898,False
CARTAGO|LA UNION|DULCE NOMBRE,True,False,0.0,1.8207048821592975,0.010682857199282175,True,0.003811020694433882,False
CARTAGO|LA UNION|SAN RAMON,True,False,0.0,1.2832361846016487,0.06750782890740431,True,0.00027040501601304705,False
CARTAGO|LA UNION|RIO AZUL,True,False,1.0,1.5943630069499732,0.11946644911469516,False,0.00719108339459697,True
CARTAGO|JIMENEZ|JUAN VIÑAS,False,True,0.9375,4.1123510658189115,0.053998403294125384,True,0.0022223912253572305,False
CARTAGO|JIMENEZ|TUCURRIQUE,False,True,0.0625,1.8388427260311864,0.09472629934967562,True,0.0023998445171157924,False
CARTAGO|JIMENEZ|LA VICTORIA,False,True,0.9375,2.835411524354239,0.2852062699081733,False,5.915109725285404e-05,False
CARTAGO|TURRIALBA|TURRIALBA,False,False,0.9375,3.575159817332975,0.09472629934967562,True,0.0004478583077716092,True
CARTAGO|TURRIALBA|LA SUIZA,False,True,0.9375,10.02169458582623,0.4322445783662999,False,0.03614132042149382,True
CARTAGO|TURRIALBA|PERALTA,False,False,0.1875,1.5987558176674026,0.1856496584326815,False,0.0,True
CARTAGO|TURRIALBA|SANTA CRUZ,False,True,0.9375,6.80999904265284,0.5689054877040411,False,0.020390228238733828,True
CARTAGO|TURRIALBA|SANTA TERESITA,False,False,0.0625,5.591523375713014,0.08627157251680566,True,0.013478000016900313,True
CARTAGO|TURRIALBA|PAVONES,False,False,0.0625,4.161866971408017,0.21289037120121163,False,0.0014449768043197201,True
CARTAGO|TURRIALBA|TUIS,False,False,0.0625,4.526812827002413,0.4872214832876968,False,0.0,False
CARTAGO|TURRIALBA|TAYUTIC,False,False,0.9375,5.509890327035241,0.7824430187162367,False,0.0,False
CARTAGO|TURRIALBA|SANTA ROSA,False,True,0.9375,3.195870121123191,0.06497778802739074,True,0.004977142325990148,False
CARTAGO|TURRIALBA|TRES EQUIS,False,False,0.0625,4.097088073190159,0.3408260486434519,False,8.45015675040772e-06,True
CARTAGO|TURRIALBA|LA ISABEL,False,False,0.0625,2.4805922387679056,0.5628214596864956,False,0.0,True
CARTAGO|TURRIALBA|CHIRRIPO,False,True,0.0625,22.361624872587115,0.4451904312403509,False,0.30949544114043315,True
CARTAGO|ALVARADO|PACAYAS,True,False,0.0,3.604337964235094,0.4847102833716262,False,0.015303233874988382,False
CARTAGO|ALVARADO|CERVANTES,True,False,0.0,2.2222794945419087,0.15157213053546073,False,0.003980023829442036,False
CARTAGO|ALVARADO|CAPELLADES,True,True,0.3125,5.157388488690064,0.06497778802739074,True,0.005348949223008087,False
CARTAGO|OREAMUNO|SAN RAFAEL,True,False,0.0,1.7726021118753836,0.10311465515130594,False,0.00020280376200978528,True
CARTAGO|OREAMUNO|COT,True,False,0.0,2.6618771694561785,0.12599270596472942,False,0.003025156116645964,False
CARTAGO|OREAMUNO|POTRERO CERRADO,True,False,0.0,3.002444323901621,0.09418815830403511,True,0.022621069620841466,False
CARTAGO|OREAMUNO|CIPRESES,True,False,0.0,1.7944659590164003,0.15157213053546073,False,0.0,False
CARTAGO|OREAMUNO|SANTA ROSA,True,True,0.0,9.030346245383067,0.24690653029954926,False,0.0660126245341851,True
CARTAGO|EL GUARCO|EL TEJAR,True,False,0.0625,1.860024341823693,0.06323546895203304,True,0.0,True
CARTAGO|EL GUARCO|SAN ISIDRO,True,True,0.125,9.891060388328102,0.1084520840442156,False,0.10144413178864468,False
CARTAGO|EL GUARCO|TOBOSI,True,False,0.0,3.4815904394607804,0.17311964460940024,False,0.07150522642195013,False
CARTAGO|EL GUARCO|PATIO DE AGUA,True,False,0.0,2.0733603741941184,0.1084520840442156,False,0.005095444520495855,False
HEREDIA|CENTRAL|HEREDIA,True,False,0.0,0.7849194010131887,0.06310349411010656,True,0.00021970407551060074,True
HEREDIA|CENTRAL|MERCEDES,True,False,0.0,1.1413568088213273,0.07184466081864495,True,0.0016815811933311364,False
HEREDIA|CENTRAL|SAN FRANCISCO,True,False,0.0,2.1481008657506213,0.12348509211269973,False,0.009835982457474586,True
HEREDIA|CENTRAL|ULLOA,True,False,0.0,2.0328464848610412,0.1410172030191902,False,0.014297665221689862,True
HEREDIA|CENTRAL|VARABLANCA,True,True,0.1875,11.579978716211137,0.05181499370257063,True,0.20253335699377223,True
HEREDIA|BARVA|BARVA,True,False,0.1875,0.5342961436549707,0.08916327451098982,True,0.0,False
HEREDIA|BARVA|SAN PEDRO,True,False,0.0,0.9968557685935833,0.015467694687808895,True,0.0,False
HEREDIA|BARVA|SAN PABLO,True,False,0.0,1.8949614313716707,0.006048639116139566,True,0.019621263974446725,False
HEREDIA|BARVA|SAN ROQUE,True,False,0.0,0.687532144638851,0.09285111931079135,True,8.45015675040772e-05,False
HEREDIA|BARVA|SANTA LUCIA,True,False,0.0625,0.746822826075091,0.003949970021452792,True,0.0038870721051875515,True
HEREDIA|BARVA|SAN JOSE DE LA MONTAÑA,True,False,0.0,2.797789881585478,0.13156286944578288,False,0.027446109125324275,True
HEREDIA|BARVA|PUENTE SALAS,True,False,1.0,1.1970442399627403,0.12351569871821057,False,0.0,False
HEREDIA|SANTO DOMINGO|SANTO DOMINGO,True,False,0.0,0.4275757291202429,0.10149941745768104,False,0.0,False
HEREDIA|SANTO DOMINGO|SAN VICENTE,True,False,0.0,0.9579236003322937,0.01223553935943189,True,0.00027885517276345475,False
HEREDIA|SANTO DOMINGO|SAN MIGUEL,True,False,0.0,2.2743437795530626,0.051931039303619864,True,0.020660633254746878,False
HEREDIA|SANTO DOMINGO|PARACITO,True,False,0.875,0.9161682520690068,0.030831722385468493,True,0.0,False
HEREDIA|SANTO DOMINGO|SANTO TOMAS,True,False,0.0,1.0254012029501351,0.04341687043266064,True,0.003591316618923281,False
HEREDIA|SANTO DOMINGO|SANTA ROSA,True,False,0.0,1.2626979274219918,0.01223553935943189,True,0.0009633178695464801,True
HEREDIA|SANTO DOMINGO|TURES,True,False,0.0,1.2090251480376635,0.09987087640840997,True,0.00027040501601304705,False
HEREDIA|SANTO DOMINGO|PARA,True,False,0.0,1.2123657240253203,0.1228291171072815,False,0.020542331060241167,False
HEREDIA|SANTA BARBARA|SANTA BARBARA,True,False,0.9375,0.6110806383271832,0.08189338197133486,True,0.0,False
HEREDIA|SANTA BARBARA|SAN PEDRO,True,False,1.0,0.9703059161772032,0.1477912817734433,False,0.0011914721018074885,False
HEREDIA|SANTA BARBARA|SAN JUAN,True,False,1.0,1.4547716601967147,0.08189338197133486,True,0.009388124149702977,False
HEREDIA|SANTA BARBARA|JESUS,True,False,1.0,2.125198048230581,0.22276023101143888,False,0.015945445788019368,False
HEREDIA|SANTA BARBARA|SANTO DOMINGO,True,False,0.0,2.964472829486395,0.43486029526991626,False,0.023457635139131832,True
HEREDIA|SANTA BARBARA|PURABA,True,False,1.0,2.005176618815561,0.09617006584453805,True,0.01953676240694265,False
HEREDIA|SAN RAFAEL|SAN RAFAEL,True,False,0.1875,0.46295931018914005,0.003949970021452792,True,0.0,True
HEREDIA|SAN RAFAEL|SAN JOSECITO,True,False,0.125,0.618740052872542,0.07298497774959217,True,5.070094050244632e-05,True
HEREDIA|SAN RAFAEL|SANTIAGO,True,False,0.0625,0.7519843045442747,0.07991657035538965,True,0.0005577103455269095,True
HEREDIA|SAN RAFAEL|CONCEPCION,True,False,0.0,1.8332723145349505,0.07991657035538965,True,0.025139216332462966,True
HEREDIA|SAN ISIDRO|SAN ISIDRO,True,False,0.0,1.0588522106510498,0.09939026848772001,True,0.0034223134839151265,False
HEREDIA|SAN ISIDRO|SAN JOSE,True,False,0.0,2.4264461751262894,0.030831722385468493,True,0.03511885145469448,True
HEREDIA|SAN ISIDRO|CONCEPCION,True,False,0.0625,1.5695703772225134,0.09939026848772001,True,0.00019435360525937756,True
HEREDIA|SAN ISIDRO|SAN FRANCISCO,True,False,0.0,1.1200225483911834,0.09110366440575116,True,0.00011830219450570808,False
HEREDIA|BELEN|SAN ANTONIO,True,False,0.0,1.0820090101424442,0.06534405557171848,True,0.004140576807699783,False
HEREDIA|BELEN|LA RIBERA,True,False,0.0625,1.16335752598637,0.0327434021516175,True,0.0029491047058922944,False
HEREDIA|BELEN|LA ASUNCION,True,False,0.0,1.084068096441519,0.02400311934652573,True,0.00013520250800652352,False
HEREDIA|FLORES|SAN JOAQUIN,True,False,0.0,1.1976919333759601,0.008113958176439246,True,0.0028477028248874016,False
HEREDIA|FLORES|BARRANTES,True,False,0.0,0.7546374120248633,0.006048639116139566,True,1.690031350081544e-05,False
HEREDIA|FLORES|LLORENTE,True,False,0.0625,0.7427343773161985,0.02400311934652573,True,0.00015210282150733898,False
HEREDIA|SAN PABLO|SAN PABLO,True,False,0.0,1.3639591716708488,0.0733161492707574,True,0.01489762635096881,True
HEREDIA|SAN PABLO|RINCON DE SABANILLA,True,False,0.0625,0.9270147613246871,0.06310349411010656,True,0.004343380569709569,True
HEREDIA|SARAPIQUI|PUERTO VIEJO,False,False,0.0625,16.528776792229227,1.480048457407086,False,0.26975435394326563,False
HEREDIA|SARAPIQUI|LA VIRGEN,False,True,0.0625,19.684737179988094,0.3264759185690642,False,0.4380561259411362,True
HEREDIA|SARAPIQUI|LAS HORQUETAS,False,True,0.0625,14.1969339556412,1.993798526703807,False,0.052095216366263596,False
HEREDIA|SARAPIQUI|LLANURAS DEL GASPAR,False,False,0.0625,8.668281186186423,0.47190462890441176,False,0.26299422854293947,False
HEREDIA|SARAPIQUI|CUREÑA,False,False,0.0625,7.57298218459868,1.480048457407086,False,0.3254408869284525,True
GUANACASTE|LIBERIA|LIBERIA,False,False,0.0,17.697839462603422,0.2354784227096815,False,0.016832712246812178,True
GUANACASTE|LIBERIA|CAÑAS DULCES,False,False,0.0,10.629878291718317,0.1096406915628458,False,0.0012759736693115657,False
GUANACASTE|LIBERIA|MAYORGA,False,False,0.0,10.941845028747286,0.5057283659769005,False,0.006168614427797636,False
GUANACASTE|LIBERIA|NACASCOLO,False,False,0.0,11.062768208803952,0.7549857645308563,False,0.003050506586897187,True
GUANACASTE|LIBERIA|CURUBANDE,False,False,0.0,9.872733112491074,0.39986723457178125,False,0.002442095300867831,False
GUANACASTE|NICOYA|NICOYA,False,False,0.0,14.6630938694299,0.24180954091908524,False,0.08629300073516363,False
GUANACASTE|NICOYA|MANSION,False,False,0.0,11.149864241336003,0.7874806238494004,False,0.03593006650273363,False
GUANACASTE|NICOYA|SAN ANTONIO,False,False,0.0,12.793412282484624,0.8630533025686463,False,0.09973720012506232,True
GUANACASTE|NICOYA|QUEBRADA HONDA,False,False,0.0,5.218192370284115,0.08603562511946307,True,0.0,True
GUANACASTE|NICOYA|SAMARA,False,False,0.0,5.380204567015312,1.4685375840803496,False,0.012041473369331002,False
GUANACASTE|NICOYA|NOSARA,False,False,0.0,6.4738904050608514,0.4990402903653166,False,0.00016055297825774668,False
GUANACASTE|NICOYA|BELEN DE NOSARITA,False,False,0.0,7.59001892009411,0.4990402903653166,False,0.015801793123262436,False
GUANACASTE|SANTA CRUZ|SANTA CRUZ,False,False,0.0,14.050866263925936,0.04804763032640775,True,0.013351247665644198,False
GUANACASTE|SANTA CRUZ|BOLSON,False,False,0.0,4.811860638922511,0.04804763032640775,True,0.0,True
GUANACASTE|SANTA CRUZ|VEINTISIETE DE ABRIL,False,False,0.0,9.676260919761003,0.22722839383203453,False,0.004284229472456714,False
GUANACASTE|SANTA CRUZ|TEMPATE,False,False,0.0,8.20677052912233,0.8097842027065765,False,0.00392932288893959,False
GUANACASTE|SANTA CRUZ|CARTAGENA,False,False,0.0,6.481649095371395,0.22722839383203453,False,0.007791044523875918,False
GUANACASTE|SANTA CRUZ|CUAJINIQUIL,False,False,0.0,7.674730470274199,0.24180954091908524,False,0.00019435360525937756,False
GUANACASTE|SANTA CRUZ|DIRIA,False,False,0.0,4.896875290212471,0.36944820044682597,False,0.0,False
GUANACASTE|SANTA CRUZ|CABO VELAS,False,False,0.0,2.820801203212906,1.3845810478540073,False,0.0,False
GUANACASTE|SANTA CRUZ|TAMARINDO,False,False,0.0,5.310654444975192,1.3845810478540073,False,0.00023660438901141617,False
GUANACASTE|BAGACES|BAGACES,False,False,0.0,21.39986290355535,0.08603562511946307,True,0.14849460457491487,True
GUANACASTE|BAGACES|LA FORTUNA,False,False,0.0,9.880955266860513,0.6408648295862466,False,0.0030674069003980026,False
GUANACASTE|BAGACES|MOGOTE,False,False,0.0,8.0788861365483,1.5509013446448372,False,0.004740537936978731,False
GUANACASTE|BAGACES|RIO NARANJO,False,False,0.0,4.34787795088736,0.8696462763599122,False,0.0,False
GUANACASTE|CARRILLO|FILADELFIA,False,False,0.0,9.687032897246286,0.15475010116930477,False,0.019410010055686534,True
GUANACASTE|CARRILLO|PALMIRA,False,False,0.0,5.064794333738296,0.15475010116930477,False,0.00017745329175856213,True
GUANACASTE|CARRILLO|SARDINAL,False,False,0.0,7.012394110885486,0.4105750462450165,False,0.00037180689701793966,True
GUANACASTE|CARRILLO|BELEN,False,False,0.0,11.627115373660564,0.227624803079759,False,0.0166383586415528,True
GUANACASTE|CAÑAS|CAÑAS,False,False,0.0,11.53223914647065,0.18142528150532364,False,0.15174791492382184,True
GUANACASTE|CAÑAS|PALMIRA,False,False,0.0,10.042991503941668,0.31820356840858993,False,0.14822419955890181,True
GUANACASTE|CAÑAS|SAN MIGUEL,False,False,0.0,7.9122852332490785,0.2816369684717776,False,0.01208372415308304,True
GUANACASTE|CAÑAS|BEBEDERO,False,False,0.0,4.9777948912756145,0.2816369684717776,False,0.0,True
GUANACASTE|CAÑAS|POROZAL,False,False,0.0,6.270657900380472,0.4407014273064284,False,0.000845015675040772,True
GUANACASTE|ABANGARES|LAS JUNTAS,False,False,0.0,13.945186358212368,0.0194923678033684,True,0.021547899713539688,False
GUANACASTE|ABANGARES|SIERRA,False,False,0.0,6.353969393651122,0.4617478361872387,False,0.015091979956228189,False
GUANACASTE|ABANGARES|SAN JUAN,False,False,0.0,5.5187535969310755,0.23578972189972985,False,0.0015041279015725743,False
GUANACASTE|ABANGARES|COLORADO,False,False,0.0,6.431850071747234,1.6786333220003773,False,0.0010309191235497418,False
GUANACASTE|TILARAN|TILARAN,False,False,0.0,24.036935757457,0.259415310050295,False,0.040560752401957056,True
GUANACASTE|TILARAN|QUEBRADA GRANDE,False,False,0.0,4.164641779595171,0.7321627877344312,False,0.0034476639541663498,False
GUANACASTE|TILARAN|TRONADORA,False,False,0.0,12.79839618612567,1.668341800970191,False,0.05086149348070407,True
GUANACASTE|TILARAN|SANTA ROSA,False,False,0.0,5.623148183353788,0.43721427898222703,False,0.0,True
GUANACASTE|TILARAN|LIBANO,False,False,0.0,4.642529756152592,0.0003136125127353562,True,7.605141075366949e-05,True
GUANACASTE|TILARAN|TIERRAS MORENAS,False,False,0.0,7.909077366061183,0.18142528150532364,False,0.15041279015725742,True
GUANACASTE|TILARAN|ARENAL,False,False,0.0,11.858549286686609,0.4020385409121123,False,0.013241395627888897,True
GUANACASTE|TILARAN|CABECERAS,False,False,0.0,5.965466218350148,0.0003136125127353562,True,0.01786363137036192,True
GUANACASTE|NANDAYURE|CARMONA,False,False,0.0,3.7752135983453217,0.3540360241548763,False,0.0,False
GUANACASTE|NANDAYURE|SANTA RITA,False,False,0.0,5.704685013996757,0.5386760255449383,False,0.003996924142942852,False
GUANACASTE|NANDAYURE|ZAPOTAL,False,False,0.0,9.539690395661445,0.5824015630857725,False,0.000422507837520386,False
GUANACASTE|NANDAYURE|SAN PABLO,False,False,0.0,4.668896610229903,1.0038607357255138,False,0.019950820087712626,False
GUANACASTE|NANDAYURE|PORVENIR,False,False,0.0,4.943652326153634,0.3540360241548763,False,0.0,False
GUANACASTE|NANDAYURE|BEJUCO,False,False,0.0,9.080718847914708,1.7938241366948158,False,0.00031265579976508565,False
GUANACASTE|LA CRUZ|LA CRUZ,False,False,0.0,7.277327251173952,2.618634934268174,False,0.000692912853533433,False
GUANACASTE|LA CRUZ|SANTA CECILIA,False,False,0.0,8.682692572560676,0.06742040595517984,True,0.006396768660058644,False
GUANACASTE|LA CRUZ|LA GARITA,False,False,0.0,8.908118441171915,1.4610594481241141,False,0.0029998056463947406,False
GUANACASTE|LA CRUZ|SANTA ELENA,False,False,0.0,9.525418507629723,0.06742040595517984,True,0.001782983074336029,False
GUANACASTE|HOJANCHA|HOJANCHA,False,False,0.0,5.747003193992697,0.6055373963217894,False,0.00010140188100489264,False
GUANACASTE|HOJANCHA|MONTE ROMO,False,False,0.0,5.849420342440641,0.21069601799914925,False,0.00013520250800652352,False
GUANACASTE|HOJANCHA|PUERTO CARRILLO,False,False,0.0,6.583451020981221,0.6055373963217894,False,0.008103700323641003,False
GUANACASTE|HOJANCHA|HUACAS,False,False,1.0,3.5936251709313902,0.21069601799914925,False,1.690031350081544e-05,False
GUANACASTE|HOJANCHA|MATAMBU,False,False,0.0,1.4744468904619494,0.5513690298503453,False,0.0,False
PUNTARENAS|CENTRAL|PUNTARENAS,False,False,0.0,3.03640191356513,0.10520855657876511,False,0.0005577103455269095,False
PUNTARENAS|CENTRAL|PITAHAYA,False,False,0.0,4.9439090777128545,0.9009344410087393,False,0.013554051427653983,True
PUNTARENAS|CENTRAL|CHOMES,False,False,0.0,5.779549351500846,0.23578972189972985,False,0.010351442019249457,True
PUNTARENAS|CENTRAL|LEPANTO,False,False,0.0,14.30127264342221,0.8916373288616242,False,0.01612289907977793,False
PUNTARENAS|CENTRAL|PAQUERA,False,False,0.0,8.922993326179968,3.881270207483126,False,0.004013824456443667,False
PUNTARENAS|CENTRAL|MANZANILLO,False,False,0.0,5.041511720449401,1.1034055993898688,False,0.0,False
PUNTARENAS|CENTRAL|GUACIMAL,False,False,0.0,7.060000818041635,0.23976468893299857,False,0.004258879002205491,True
PUNTARENAS|CENTRAL|BARRANCA,False,False,0.0,4.925178032567947,0.26278943304032604,False,0.018505843283392907,False
PUNTARENAS|CENTRAL|COBANO,False,False,0.0,7.659379472545485,1.7938241366948158,False,0.0,False
PUNTARENAS|CENTRAL|CHACARITA,False,False,0.0,0.7155325493625866,0.2747402901674964,False,0.0,False
PUNTARENAS|CENTRAL|ACAPULCO,False,False,0.0,6.8755533889201175,0.1164149895765006,False,0.0025603974953735393,True
PUNTARENAS|CENTRAL|EL ROBLE,False,False,0.0,1.8058969424068891,0.030110651208900104,True,0.0035406156784208347,False
PUNTARENAS|CENTRAL|ARANCIBIA,False,False,0.0,4.08260680612398,0.9661899011387142,False,0.0,True
PUNTARENAS|ESPARZA|ESPIRITU SANTO,False,False,0.0,3.294830236052662,0.10765355453061545,False,0.011357010672547976,False
PUNTARENAS|ESPARZA|SAN JUAN GRANDE,False,False,0.0,3.1795217812042105,0.48383596154035663,False,0.0005577103455269095,False
PUNTARENAS|ESPARZA|MACACONA,False,False,0.0,3.7413291547072745,0.14306698386582914,False,0.0010140188100489264,False
PUNTARENAS|ESPARZA|SAN RAFAEL,False,False,0.0,5.606978782186916,0.10604768835765141,False,0.010697898446016174,False
PUNTARENAS|ESPARZA|SAN JERONIMO,False,False,0.0,4.839888179483717,0.10765355453061545,False,0.002839252668136994,False
PUNTARENAS|ESPARZA|CALDERA,False,False,0.0,3.7953030904992713,0.030110651208900104,True,0.010351442019249457,True
PUNTARENAS|BUENOS AIRES|BUENOS AIRES,False,False,0.0625,15.937513790825975,0.5669849294917874,False,0.015024378702224927,True
PUNTARENAS|BUENOS AIRES|VOLCAN,False,False,0.0625,9.413488864549997,0.6235611675307668,False,0.00574610659027725,True
PUNTARENAS|BUENOS AIRES|POTRERO GRANDE,False,False,0.0625,23.994359773271377,0.7215986151394624,False,0.0758486069916597,True
PUNTARENAS|BUENOS AIRES|BORUCA,False,False,0.0625,7.816636399921021,0.7894851925609451,False,0.002678699689879247,False
PUNTARENAS|BUENOS AIRES|PILAS,False,False,0.0625,7.669821049898651,0.2512490902565485,False,0.00011830219450570808,True
PUNTARENAS|BUENOS AIRES|COLINAS,False,False,0.0625,8.174837938890686,0.7719249538790591,False,0.0001690031350081544,True
PUNTARENAS|BUENOS AIRES|CHANGUENA,False,False,0.0625,12.105798472294598,1.4239759962776612,False,0.04221698312503697,False
PUNTARENAS|BUENOS AIRES|BIOLLEY,False,False,0.0625,9.3326503751347,1.7119547536436432,False,0.012109074623334264,True
PUNTARENAS|BUENOS AIRES|BRUNKA,False,False,0.0625,9.215615696101029,0.7479471578412347,False,0.01107815549978452,True
PUNTARENAS|MONTES DE ORO|MIRAMAR,False,False,0.0,8.526190023296731,0.15234857893842027,False,0.0331668652453503,True
PUNTARENAS|MONTES DE ORO|LA UNION,False,False,0.0,6.563685838013177,0.4126475015012809,False,0.021961957394309665,True
PUNTARENAS|MONTES DE ORO|SAN ISIDRO,False,False,0.0,4.772118661139282,0.7564269148460616,False,0.018556544223895355,False
PUNTARENAS|OSA|PUERTO CORTES,False,False,0.0625,7.51552699731681,0.8260701438860908,False,0.013173794373885635,True
PUNTARENAS|OSA|PALMAR,False,False,0.0625,14.002095836755212,0.9287912452399261,False,0.021809854572802326,False
PUNTARENAS|OSA|SIERPE,False,False,0.0625,11.43209079294289,0.08836192397906423,True,0.008196652047895488,False
PUNTARENAS|OSA|BAHIA BALLENA,False,False,0.0,6.951137676332169,0.35079805612308046,False,0.02023812541722649,True
PUNTARENAS|OSA|PIEDRAS BLANCAS,False,False,0.0625,10.948463141039413,1.2055980052596433,False,0.006540421324815576,False
PUNTARENAS|OSA|BAHIA DRAKE,False,False,0.0625,11.212843253586911,3.02180502813267,False,0.004106776180698152,False
PUNTARENAS|QUEPOS|QUEPOS,False,False,0.0,10.308711345249979,0.48710436378661653,False,0.1364784816758351,True
PUNTARENAS|QUEPOS|SAVEGRE,False,False,0.0,7.37504480975724,0.4326856452159235,False,0.13395188480746317,False
PUNTARENAS|QUEPOS|NARANJITO,False,False,0.0,7.63172596028648,0.028331656150127605,True,0.005763006903778065,False
PUNTARENAS|GOLFITO|GOLFITO,False,False,0.0625,12.635104906661482,0.08836192397906423,True,0.005737656433526842,False
PUNTARENAS|GOLFITO|GUAYCARA,False,False,0.0625,14.818067774388734,0.42763187824014004,False,0.025747627618492322,False
PUNTARENAS|GOLFITO|PAVON,False,False,0.0,6.893426225646684,1.3509402620945918,False,0.0008281153615399565,False
PUNTARENAS|COTO BRUS|SAN VITO,False,False,0.0625,7.247299924491829,0.39370506371373065,False,2.535047025122316e-05,False
PUNTARENAS|COTO BRUS|SABALITO,False,False,0.0625,7.205927871491657,0.905045174026177,False,7.605141075366949e-05,False
PUNTARENAS|COTO BRUS|AGUABUENA,False,False,0.0625,3.998645619057994,0.39370506371373065,False,8.45015675040772e-05,False
PUNTARENAS|COTO BRUS|LIMONCITO,False,False,0.0625,8.051831433373101,0.7336228374463404,False,0.004064525396946113,False
PUNTARENAS|COTO BRUS|PITTIER,False,False,0.0625,11.58701443393045,0.5910481221238627,False,0.008078349853389781,True
PUNTARENAS|COTO BRUS|GUTIERREZ BRAUN,False,False,0.0625,12.229658718535386,1.6831753595159096,False,0.004081425710446929,False
PUNTARENAS|PARRITA|PARRITA,False,True,0.0,14.284904773128677,0.7490197748736911,False,0.13970644155449083,True
PUNTARENAS|CORREDORES|CORREDOR,False,False,0.0,11.981162202116685,0.666020152963146,False,0.018674846418401062,False
PUNTARENAS|CORREDORES|LA CUESTA,False,False,0.0,2.2533350384824087,1.0817632864718318,False,0.0,False
PUNTARENAS|CORREDORES|CANOAS,False,False,0.0,5.066664030474662,0.8691887379282831,False,0.004089875867197336,False
PUNTARENAS|CORREDORES|LAUREL,False,False,0.0,7.239199519610841,0.8691887379282831,False,8.45015675040772e-06,False
PUNTARENAS|GARABITO|JACO,False,False,0.0,4.72176842076823,0.948262579304056,False,0.0,False
PUNTARENAS|GARABITO|TARCOLES,False,False,0.0,5.552572797024771,1.078105664220675,False,0.022367564918329235,False
PUNTARENAS|GARABITO|LAGUNILLAS,False,False,0.0,4.610538307242905,0.3733228570954503,False,0.02045782949273709,True
PUNTARENAS|MONTEVERDE|MONTEVERDE,False,False,1.0,4.70050500578166,0.306864240323997,False,0.004791238877481178,True
PUNTARENAS|PUERTO JIMENEZ|PUERTO JIMENEZ,False,False,0.0625,8.459953625934727,0.26891540048048534,False,0.0,False
LIMON|CENTRAL|LIMON,False,False,0.0625,3.8715465542478533,0.07985501085590134,True,0.0,False
LIMON|CENTRAL|VALLE LA ESTRELLA,False,False,0.0625,28.065238134112306,1.1489345679240421,False,0.11780363525743402,False
LIMON|CENTRAL|RIO BLANCO,False,False,0.0625,7.434752028353111,1.6140843167055046,False,0.002450545457618239,False
LIMON|CENTRAL|MATAMA,False,False,0.0625,11.63445799401142,0.4434095368957613,False,0.0019519862093441834,False
LIMON|POCOCI|GUAPILES,False,True,0.0625,9.234102500874023,0.24509795132177337,False,0.05584708596344462,True
LIMON|POCOCI|JIMENEZ,False,False,0.0625,8.742133572623706,0.40309879972237705,False,0.013723054562662138,True
LIMON|POCOCI|RITA,False,False,0.0625,16.923182852063352,0.38968974865243544,False,0.008365655182903643,False
LIMON|POCOCI|ROXANA,False,False,0.0625,11.675222262887301,0.3827483345515703,False,0.0007774144210375102,False
LIMON|POCOCI|CARIARI,False,False,0.0625,13.036897311185792,1.688760036600254,False,0.003016705959895556,False
LIMON|POCOCI|COLORADO,False,False,0.0625,12.497667766602337,0.7570260789587123,False,0.26613768685409117,False
LIMON|POCOCI|LA COLONIA,False,False,0.0625,4.0706734025629405,0.3827483345515703,False,0.0,False
LIMON|SIQUIRRES|SIQUIRRES,False,False,0.0625,10.87972763714611,0.629436486830629,False,0.01638485393904057,True
LIMON|SIQUIRRES|PACUARITO,False,False,0.0625,14.318837290984408,1.2488046526360934,False,0.28275069502539274,True
LIMON|SIQUIRRES|FLORIDA,False,False,0.0625,7.310493287863266,0.1856496584326815,False,0.013816006286916623,True
LIMON|SIQUIRRES|GERMANIA,False,False,0.0625,4.3918977230870855,0.7687791169509781,False,8.45015675040772e-06,False
LIMON|SIQUIRRES|EL CAIRO,False,False,0.0625,10.732299980162319,0.21473944214953974,False,0.00400537429969326,True
LIMON|SIQUIRRES|ALEGRIA,False,False,0.0625,3.5063640985960713,0.21473944214953974,False,0.0,False
LIMON|SIQUIRRES|REVENTAZON,False,False,0.0625,9.36228178660431,0.031731296292674474,True,0.26842767933345163,True
LIMON|TALAMANCA|BRATSI,False,False,0.0625,11.632016395078125,0.24993423448652446,False,0.0,False
LIMON|TALAMANCA|SIXAOLA,False,False,0.0625,2.9200346997333444,0.24993423448652446,False,0.0,False
LIMON|TALAMANCA|CAHUITA,False,False,0.0625,7.559116298907695,1.8763761104549483,False,0.004106776180698152,False
LIMON|TALAMANCA|TELIRE,False,False,0.0625,24.137219027585942,0.6235611675307668,False,0.09797956752097751,True
LIMON|MATINA|MATINA,False,False,0.0625,18.180143329658257,1.1489345679240421,False,0.2794720342062345,False
LIMON|MATINA|BATAN,False,False,0.0625,10.96479587693644,0.031731296292674474,True,0.2773848454888838,True
LIMON|MATINA|CARRANDI,False,False,0.0625,11.22720656194965,0.07985501085590134,True,0.00622776552505049,False
LIMON|GUACIMO|GUACIMO,False,False,0.0625,10.573652808175389,0.6653821810889912,False,0.012658334812110764,True
LIMON|GUACIMO|MERCEDES,False,False,0.0625,7.595843628131945,1.056331511355764,False,0.001782983074336029,False
LIMON|GUACIMO|POCORA,False,False,0.0625,9.301073193615377,0.3197774597660824,False,0.004385631353461606,False
LIMON|GUACIMO|RIO JIMENEZ,False,False,0.0625,17.299946763884122,1.0329811280977017,False,0.277410195959135,False
LIMON|GUACIMO|DUACARI,False,False,0.0625,6.220166364820618,1.1637495886094622,False,0.0013773755503164583,False
