node,frac_in_gam,proxy,gam_majority,gam_any,empirical,canton
SAN JOSE|CENTRAL|CARMEN,0.9999999999999992,True,True,True,-1,SAN JOSE|CENTRAL
SAN JOSE|CENTRAL|MERCED,0.9999999999999998,True,True,True,-1,SAN JOSE|CENTRAL
SAN JOSE|CENTRAL|HOSPITAL,1.0000000000000004,True,True,True,-1,SAN JOSE|CENTRAL
SAN JOSE|CENTRAL|CATEDRAL,1.0000000000000009,True,True,True,-1,SAN JOSE|CENTRAL
SAN JOSE|CENTRAL|ZAPOTE,0.9999999999999986,True,True,True,-1,SAN JOSE|CENTRAL
SAN JOSE|CENTRAL|SAN FRANCISCO DE DOS RIOS,1.0000000000000036,True,True,True,-1,SAN JOSE|CENTRAL
SAN JOSE|CENTRAL|URUCA,1.000000000000003,True,True,True,-1,SAN JOSE|CENTRAL
SAN JOSE|CENTRAL|MATA REDONDA,0.9999999999999993,True,True,True,-1,SAN JOSE|CENTRAL
SAN JOSE|CENTRAL|PAVAS,0.9999999999999948,True,True,True,1,SAN JOSE|CENTRAL
SAN JOSE|CENTRAL|HATILLO,0.9999999999999998,True,True,True,-1,SAN JOSE|CENTRAL
SAN JOSE|CENTRAL|SAN SEBASTIAN,0.9999999999999993,True,True,True,-1,SAN JOSE|CENTRAL
SAN JOSE|ESCAZU|ESCAZU,0.9999999999999996,True,True,True,-1,SAN JOSE|ESCAZU
SAN JOSE|ESCAZU|SAN ANTONIO,0.9996207701874291,True,True,True,-1,SAN JOSE|ESCAZU
SAN JOSE|ESCAZU|SAN RAFAEL,1.0,True,True,True,-1,SAN JOSE|ESCAZU
SAN JOSE|DESAMPARADOS|DESAMPARADOS,0.999999999999999,True,True,True,-1,SAN JOSE|DESAMPARADOS
SAN JOSE|DESAMPARADOS|SAN MIGUEL,0.9985619173143884,True,True,True,1,SAN JOSE|DESAMPARADOS
SAN JOSE|DESAMPARADOS|SAN JUAN DE DIOS,0.9999999999999997,True,True,True,1,SAN JOSE|DESAMPARADOS
SAN JOSE|DESAMPARADOS|SAN RAFAEL ARRIBA,0.9999999999999996,True,True,True,-1,SAN JOSE|DESAMPARADOS
SAN JOSE|DESAMPARADOS|SAN ANTONIO,0.9999999999999988,True,True,True,-1,SAN JOSE|DESAMPARADOS
SAN JOSE|DESAMPARADOS|FRAILES,0.0,True,False,False,-1,SAN JOSE|DESAMPARADOS
SAN JOSE|DESAMPARADOS|PATARRA,1.0000000000000013,True,True,True,1,SAN JOSE|DESAMPARADOS
SAN JOSE|DESAMPARADOS|SAN CRISTOBAL,0.004080289557250706,True,False,False,-1,SAN JOSE|DESAMPARADOS
SAN JOSE|DESAMPARADOS|ROSARIO,0.1509114545515825,True,False,True,-1,SAN JOSE|DESAMPARADOS
SAN JOSE|DESAMPARADOS|DAMAS,0.9999999999999997,True,True,True,-1,SAN JOSE|DESAMPARADOS
SAN JOSE|DESAMPARADOS|SAN RAFAEL ABAJO,1.0000000000000007,True,True,True,1,SAN JOSE|DESAMPARADOS
SAN JOSE|DESAMPARADOS|GRAVILIAS,1.0,True,True,True,-1,SAN JOSE|DESAMPARADOS
SAN JOSE|DESAMPARADOS|LOS GUIDO,0.9999999999999994,True,True,True,1,SAN JOSE|DESAMPARADOS
SAN JOSE|PURISCAL|SANTIAGO,0.0,False,False,False,-1,SAN JOSE|PURISCAL
SAN JOSE|PURISCAL|MERCEDES SUR,0.0,False,False,False,1,SAN JOSE|PURISCAL
SAN JOSE|PURISCAL|BARBACOAS,0.0,False,False,False,1,SAN JOSE|PURISCAL
SAN JOSE|PURISCAL|GRIFO ALTO,0.0,False,False,False,1,SAN JOSE|PURISCAL
SAN JOSE|PURISCAL|SAN ANTONIO,1.6296767506125668e-06,False,False,False,1,SAN JOSE|PURISCAL
SAN JOSE|PURISCAL|CANDELARITA,0.0,False,False,False,-1,SAN JOSE|PURISCAL
SAN JOSE|PURISCAL|DESAMPARADITOS,0.0,False,False,False,1,SAN JOSE|PURISCAL
SAN JOSE|PURISCAL|SAN RAFAEL,0.0,False,False,False,1,SAN JOSE|PURISCAL
SAN JOSE|PURISCAL|CHIRES,0.0,False,False,False,1,SAN JOSE|PURISCAL
SAN JOSE|TARRAZU|SAN MARCOS,0.0,False,False,False,-1,SAN JOSE|TARRAZU
SAN JOSE|TARRAZU|SAN LORENZO,0.0,False,False,False,-1,SAN JOSE|TARRAZU
SAN JOSE|TARRAZU|SAN CARLOS,0.0,False,False,False,-1,SAN JOSE|TARRAZU
SAN JOSE|ASERRI|ASERRI,0.9992666238723086,True,True,True,-1,SAN JOSE|ASERRI
SAN JOSE|ASERRI|TARBACA,0.01343341369104959,True,False,True,-1,SAN JOSE|ASERRI
SAN JOSE|ASERRI|VUELTA DE JORCO,0.0,True,False,False,1,SAN JOSE|ASERRI
SAN JOSE|ASERRI|SAN GABRIEL,0.0,True,False,False,-1,SAN JOSE|ASERRI
SAN JOSE|ASERRI|LEGUA,0.0,True,False,False,1,SAN JOSE|ASERRI
SAN JOSE|ASERRI|MONTERREY,0.0,True,False,False,-1,SAN JOSE|ASERRI
SAN JOSE|ASERRI|SALITRILLOS,0.9865128836653941,True,True,True,1,SAN JOSE|ASERRI
SAN JOSE|MORA|COLON,0.9990294558215363,True,True,True,-1,SAN JOSE|MORA
SAN JOSE|MORA|GUAYABO,0.19095119004007138,True,False,True,1,SAN JOSE|MORA
SAN JOSE|MORA|TABARCIA,0.0013950558597811153,True,False,False,1,SAN JOSE|MORA
SAN JOSE|MORA|PIEDRAS NEGRAS,0.009551030403892612,True,False,False,1,SAN JOSE|MORA
SAN JOSE|MORA|PICAGRES,0.002405970907662526,True,False,False,1,SAN JOSE|MORA
SAN JOSE|MORA|JARIS,0.7878606649835177,True,True,True,-1,SAN JOSE|MORA
SAN JOSE|MORA|QUITIRRISI,0.6699191952217456,True,True,True,1,SAN JOSE|MORA
SAN JOSE|GOICOECHEA|GUADALUPE,1.0,True,True,True,-1,SAN JOSE|GOICOECHEA
SAN JOSE|GOICOECHEA|SAN FRANCISCO,1.0,True,True,True,-1,SAN JOSE|GOICOECHEA
SAN JOSE|GOICOECHEA|CALLE BLANCOS,0.9999999999999994,True,True,True,-1,SAN JOSE|GOICOECHEA
SAN JOSE|GOICOECHEA|MATA DE PLATANO,0.999999999999994,True,True,True,-1,SAN JOSE|GOICOECHEA
SAN JOSE|GOICOECHEA|IPIS,1.0000000000000007,True,True,True,-1,SAN JOSE|GOICOECHEA
SAN JOSE|GOICOECHEA|RANCHO REDONDO,0.9714757572892125,True,True,True,1,SAN JOSE|GOICOECHEA
SAN JOSE|GOICOECHEA|PURRAL,1.0000000000000036,True,True,True,1,SAN JOSE|GOICOECHEA
SAN JOSE|SANTA ANA|SANTA ANA,1.000000000000001,True,True,True,-1,SAN JOSE|SANTA ANA
SAN JOSE|SANTA ANA|SALITRAL,0.9968836044899381,True,True,True,-1,SAN JOSE|SANTA ANA
SAN JOSE|SANTA ANA|POZOS,1.000000000000001,True,True,True,-1,SAN JOSE|SANTA ANA
SAN JOSE|SANTA ANA|URUCA,0.9999999999999999,True,True,True,-1,SAN JOSE|SANTA ANA
SAN JOSE|SANTA ANA|PIEDADES,1.0000000000000016,True,True,True,-1,SAN JOSE|SANTA ANA
SAN JOSE|SANTA ANA|BRASIL,0.9999999999999987,True,True,True,-1,SAN JOSE|SANTA ANA
SAN JOSE|ALAJUELITA|ALAJUELITA,1.0000000000000004,True,True,True,1,SAN JOSE|ALAJUELITA
SAN JOSE|ALAJUELITA|SAN JOSECITO,0.9999999999999988,True,True,True,1,SAN JOSE|ALAJUELITA
SAN JOSE|ALAJUELITA|SAN ANTONIO,0.999268809575952,True,True,True,1,SAN JOSE|ALAJUELITA
SAN JOSE|ALAJUELITA|CONCEPCION,0.9999999999999973,True,True,True,1,SAN JOSE|ALAJUELITA
SAN JOSE|ALAJUELITA|SAN FELIPE,1.0000000000000013,True,True,True,1,SAN JOSE|ALAJUELITA
SAN JOSE|VAZQUEZ DE CORONADO|SAN ISIDRO,1.0000000000000027,True,True,True,-1,SAN JOSE|VAZQUEZ DE CORONADO
SAN JOSE|VAZQUEZ DE CORONADO|SAN RAFAEL,0.9958024796749704,True,True,True,-1,SAN JOSE|VAZQUEZ DE CORONADO
SAN JOSE|VAZQUEZ DE CORONADO|DULCE NOMBRE DE JESUS,0.15750515729196665,True,False,True,-1,SAN JOSE|VAZQUEZ DE CORONADO
SAN JOSE|VAZQUEZ DE CORONADO|PATALILLO,0.9999999999999992,True,True,True,-1,SAN JOSE|VAZQUEZ DE CORONADO
SAN JOSE|VAZQUEZ DE CORONADO|CASCAJAL,0.13181694747550973,True,False,True,-1,SAN JOSE|VAZQUEZ DE CORONADO
SAN JOSE|ACOSTA|SAN IGNACIO,0.0,False,False,False,-1,SAN JOSE|ACOSTA
SAN JOSE|ACOSTA|GUAITIL,0.0,False,False,False,1,SAN JOSE|ACOSTA
SAN JOSE|ACOSTA|PALMICHAL,0.0010463211938157601,False,False,False,1,SAN JOSE|ACOSTA
SAN JOSE|ACOSTA|CANGREJAL,0.0,False,False,False,1,SAN JOSE|ACOSTA
SAN JOSE|ACOSTA|SABANILLAS,0.0,False,False,False,1,SAN JOSE|ACOSTA
SAN JOSE|TIBAS|SAN JUAN,1.0000000000000016,True,True,True,-1,SAN JOSE|TIBAS
SAN JOSE|TIBAS|CINCO ESQUINAS,1.0000000000000004,True,True,True,1,SAN JOSE|TIBAS
SAN JOSE|TIBAS|ANSELMO LLORENTE,1.0000000000000004,True,True,True,-1,SAN JOSE|TIBAS
SAN JOSE|TIBAS|LEON XIII,0.9999999999999999,True,True,True,1,SAN JOSE|TIBAS
SAN JOSE|TIBAS|COLIMA,0.9999999999999984,True,True,True,-1,SAN JOSE|TIBAS
SAN JOSE|MORAVIA|SAN VICENTE,1.0000000000000016,True,True,True,-1,SAN JOSE|MORAVIA
SAN JOSE|MORAVIA|SAN JERONIMO,0.9925169224869098,True,True,True,-1,SAN JOSE|MORAVIA
SAN JOSE|MORAVIA|LA TRINIDAD,0.9999999999999997,True,True,True,-1,SAN JOSE|MORAVIA
SAN JOSE|MONTES DE OCA|SAN PEDRO,1.0000000000000027,True,True,True,-1,SAN JOSE|MONTES DE OCA
SAN JOSE|MONTES DE OCA|SABANILLA,1.000000000000003,True,True,True,-1,SAN JOSE|MONTES DE OCA
SAN JOSE|MONTES DE OCA|MERCEDES,0.9999999999999986,True,True,True,-1,SAN JOSE|MONTES DE OCA
SAN JOSE|MONTES DE OCA|SAN RAFAEL,0.9999999999999988,True,True,True,-1,SAN JOSE|MONTES DE OCA
SAN JOSE|TURRUBARES|SAN PABLO,0.0008905350739732282,False,False,False,1,SAN JOSE|TURRUBARES
SAN JOSE|TURRUBARES|SAN PEDRO,0.0,False,False,False,-1,SAN JOSE|TURRUBARES
SAN JOSE|TURRUBARES|SAN JUAN DE MATA,0.0,False,False,False,1,SAN JOSE|TURRUBARES
SAN JOSE|TURRUBARES|SAN LUIS,0.0,False,False,False,1,SAN JOSE|TURRUBARES
SAN JOSE|TURRUBARES|CARARA,0.0,False,False,False,1,SAN JOSE|TURRUBARES
SAN JOSE|DOTA|SANTA MARIA,0.0,False,False,False,-1,SAN JOSE|DOTA
SAN JOSE|DOTA|JARDIN,0.0,False,False,False,-1,SAN JOSE|DOTA
SAN JOSE|DOTA|COPEY,0.0,False,False,False,-1,SAN JOSE|DOTA
SAN JOSE|CURRIDABAT|CURRIDABAT,1.0000000000000022,True,True,True,-1,SAN JOSE|CURRIDABAT
SAN JOSE|CURRIDABAT|GRANADILLA,1.0000000000000009,True,True,True,-1,SAN JOSE|CURRIDABAT
SAN JOSE|CURRIDABAT|SANCHEZ,1.0,True,True,True,-1,SAN JOSE|CURRIDABAT
SAN JOSE|CURRIDABAT|TIRRASES,0.9999999999999999,True,True,True,1,SAN JOSE|CURRIDABAT
SAN JOSE|PEREZ ZELEDON|SAN ISIDRO DE EL GENERAL,0.0,False,False,False,1,SAN JOSE|PEREZ ZELEDON
SAN JOSE|PEREZ ZELEDON|EL GENERAL,0.0,False,False,False,1,SAN JOSE|PEREZ ZELEDON
SAN JOSE|PEREZ ZELEDON|DANIEL FLORES,0.0,False,False,False,1,SAN JOSE|PEREZ ZELEDON
SAN JOSE|PEREZ ZELEDON|RIVAS,0.0,False,False,False,1,SAN JOSE|PEREZ ZELEDON
SAN JOSE|PEREZ ZELEDON|SAN PEDRO,0.0,False,False,False,1,SAN JOSE|PEREZ ZELEDON
SAN JOSE|PEREZ ZELEDON|PLATANARES,0.0,False,False,False,1,SAN JOSE|PEREZ ZELEDON
SAN JOSE|PEREZ ZELEDON|PEJIBAYE,0.0,False,False,False,1,SAN JOSE|PEREZ ZELEDON
SAN JOSE|PEREZ ZELEDON|CAJON,0.0,False,False,False,1,SAN JOSE|PEREZ ZELEDON
SAN JOSE|PEREZ ZELEDON|BARU,0.0,False,False,False,1,SAN JOSE|PEREZ ZELEDON
SAN JOSE|PEREZ ZELEDON|RIO NUEVO,0.0,False,False,False,1,SAN JOSE|PEREZ ZELEDON
SAN JOSE|PEREZ ZELEDON|PARAMO,0.0,False,False,False,1,SAN JOSE|PEREZ ZELEDON
SAN JOSE|PEREZ ZELEDON|LA AMISTAD,0.0,False,False,False,1,SAN JOSE|PEREZ ZELEDON
SAN JOSE|LEON CORTES CASTRO|SAN PABLO,0.0,False,False,False,-1,SAN JOSE|LEON CORTES CASTRO
SAN JOSE|LEON CORTES CASTRO|SAN ANDRES,0.0,False,False,False,-1,SAN JOSE|LEON CORTES CASTRO
SAN JOSE|LEON CORTES CASTRO|LLANO BONITO,0.0,False,False,False,-1,SAN JOSE|LEON CORTES CASTRO
SAN JOSE|LEON CORTES CASTRO|SAN ISIDRO,0.0,False,False,False,-1,SAN JOSE|LEON CORTES CASTRO
SAN JOSE|LEON CORTES CASTRO|SANTA CRUZ,0.0,False,False,False,-1,SAN JOSE|LEON CORTES CASTRO
SAN JOSE|LEON CORTES CASTRO|SAN ANTONIO,0.0,False,False,False,-1,SAN JOSE|LEON CORTES CASTRO
ALAJUELA|CENTRAL|ALAJUELA,0.9999999999999986,True,True,True,1,ALAJUELA|CENTRAL
ALAJUELA|CENTRAL|SAN JOSE,1.0000000000000024,True,True,True,1,ALAJUELA|CENTRAL
ALAJUELA|CENTRAL|CARRIZAL,1.0000000000000009,True,True,True,1,ALAJUELA|CENTRAL
ALAJUELA|CENTRAL|SAN ANTONIO,0.9999999999999963,True,True,True,1,ALAJUELA|CENTRAL
ALAJUELA|CENTRAL|GUACIMA,1.0000000000000002,True,True,True,1,ALAJUELA|CENTRAL
ALAJUELA|CENTRAL|SAN ISIDRO,0.999704784803668,True,True,True,1,ALAJUELA|CENTRAL
ALAJUELA|CENTRAL|SABANILLA,0.6341583664559969,True,True,True,1,ALAJUELA|CENTRAL
ALAJUELA|CENTRAL|SAN RAFAEL,0.9999999999999989,True,True,True,1,ALAJUELA|CENTRAL
ALAJUELA|CENTRAL|RIO SEGUNDO,1.0000000000000004,True,True,True,1,ALAJUELA|CENTRAL
ALAJUELA|CENTRAL|DESAMPARADOS,0.9999999999999993,True,True,True,1,ALAJUELA|CENTRAL
ALAJUELA|CENTRAL|TURRUCARES,0.9988132648007713,True,True,True,1,ALAJUELA|CENTRAL
ALAJUELA|CENTRAL|TAMBOR,0.9963653997887492,True,True,True,1,ALAJUELA|CENTRAL
ALAJUELA|CENTRAL|GARITA,0.9975223806286391,True,True,True,1,ALAJUELA|CENTRAL
ALAJUELA|CENTRAL|SARAPIQUI,0.0,True,False,False,1,ALAJUELA|CENTRAL
ALAJUELA|SAN RAMON|SAN RAMON,0.0,False,False,False,-1,ALAJUELA|SAN RAMON
ALAJUELA|SAN RAMON|SANTIAGO,0.0,False,False,False,1,ALAJUELA|SAN RAMON
ALAJUELA|SAN RAMON|SAN JUAN,0.0,False,False,False,1,ALAJUELA|SAN RAMON
ALAJUELA|SAN RAMON|PIEDADES NORTE,0.0,False,False,False,1,ALAJUELA|SAN RAMON
ALAJUELA|SAN RAMON|PIEDADES SUR,0.0,False,False,False,1,ALAJUELA|SAN RAMON
ALAJUELA|SAN RAMON|SAN RAFAEL,2.6930884265641102e-06,False,False,False,1,ALAJUELA|SAN RAMON
ALAJUELA|SAN RAMON|SAN ISIDRO,0.0,False,False,False,1,ALAJUELA|SAN RAMON
ALAJUELA|SAN RAMON|ANGELES,0.0,False,False,False,1,ALAJUELA|SAN RAMON
ALAJUELA|SAN RAMON|ALFARO,0.0,False,False,False,1,ALAJUELA|SAN RAMON
ALAJUELA|SAN RAMON|VOLIO,0.0,False,False,False,1,ALAJUELA|SAN RAMON
ALAJUELA|SAN RAMON|CONCEPCION,0.0,False,False,False,1,ALAJUELA|SAN RAMON
ALAJUELA|SAN RAMON|ZAPOTAL,0.0,False,False,False,1,ALAJUELA|SAN RAMON
ALAJUELA|SAN RAMON|PEÑAS BLANCAS,0.0,False,False,False,1,ALAJUELA|SAN RAMON
ALAJUELA|SAN RAMON|SAN LORENZO,0.0,False,False,False,1,ALAJUELA|SAN RAMON
ALAJUELA|GRECIA|GRECIA,0.0,False,False,False,1,ALAJUELA|GRECIA
ALAJUELA|GRECIA|SAN ISIDRO,0.00013245436923087025,False,False,False,1,ALAJUELA|GRECIA
ALAJUELA|GRECIA|SAN JOSE,0.02723808884432268,False,False,True,1,ALAJUELA|GRECIA
ALAJUELA|GRECIA|SAN ROQUE,0.0,False,False,False,1,ALAJUELA|GRECIA
ALAJUELA|GRECIA|TACARES,0.003967146033570401,False,False,False,1,ALAJUELA|GRECIA
ALAJUELA|GRECIA|PUENTE DE PIEDRA,0.0001055382066386787,False,False,False,1,ALAJUELA|GRECIA
ALAJUELA|GRECIA|BOLIVAR,0.0,False,False,False,1,ALAJUELA|GRECIA
ALAJUELA|SAN MATEO|SAN MATEO,0.0,False,False,False,1,ALAJUELA|SAN MATEO
ALAJUELA|SAN MATEO|DESMONTE,0.026694723863157088,False,False,True,1,ALAJUELA|SAN MATEO
ALAJUELA|SAN MATEO|JESUS MARIA,0.0,False,False,False,1,ALAJUELA|SAN MATEO
ALAJUELA|SAN MATEO|LABRADOR,0.0,False,False,False,1,ALAJUELA|SAN MATEO
ALAJUELA|ATENAS|ATENAS,0.9968756284449295,True,True,True,-1,ALAJUELA|ATENAS
ALAJUELA|ATENAS|JESUS,0.9736522846073424,True,True,True,-1,ALAJUELA|ATENAS
ALAJUELA|ATENAS|MERCEDES,0.8625505965034372,True,True,True,1,ALAJUELA|ATENAS
ALAJUELA|ATENAS|SAN ISIDRO,0.026608087555220924,True,False,True,1,ALAJUELA|ATENAS
ALAJUELA|ATENAS|CONCEPCION,0.9989446257886422,True,True,True,1,ALAJUELA|ATENAS
ALAJUELA|ATENAS|SAN JOSE,0.0005092010151341841,True,False,False,1,ALAJUELA|ATENAS
ALAJUELA|ATENAS|SANTA EULALIA,0.0014289937071371953,True,False,False,1,ALAJUELA|ATENAS
ALAJUELA|ATENAS|ESCOBAL,0.9982607771877736,True,True,True,1,ALAJUELA|ATENAS
ALAJUELA|NARANJO|NARANJO,0.0,False,False,False,1,ALAJUELA|NARANJO
ALAJUELA|NARANJO|SAN MIGUEL,0.0,False,False,False,1,ALAJUELA|NARANJO
ALAJUELA|NARANJO|SAN JOSE,0.0,False,False,False,1,ALAJUELA|NARANJO
ALAJUELA|NARANJO|CIRRI SUR,0.0,False,False,False,1,ALAJUELA|NARANJO
ALAJUELA|NARANJO|SAN JERONIMO,0.0,False,False,False,1,ALAJUELA|NARANJO
ALAJUELA|NARANJO|SAN JUAN,0.0,False,False,False,1,ALAJUELA|NARANJO
ALAJUELA|NARANJO|EL ROSARIO,0.0,False,False,False,1,ALAJUELA|NARANJO
ALAJUELA|NARANJO|PALMITOS,0.0,False,False,False,1,ALAJUELA|NARANJO
ALAJUELA|PALMARES|PALMARES,0.0,False,False,False,-1,ALAJUELA|PALMARES
ALAJUELA|PALMARES|ZARAGOZA,0.0,False,False,False,1,ALAJUELA|PALMARES
ALAJUELA|PALMARES|BUENOS AIRES,0.0,False,False,False,1,ALAJUELA|PALMARES
ALAJUELA|PALMARES|SANTIAGO,0.0,False,False,False,1,ALAJUELA|PALMARES
ALAJUELA|PALMARES|CANDELARIA,0.0,False,False,False,1,ALAJUELA|PALMARES
ALAJUELA|PALMARES|ESQUIPULAS,0.0,False,False,False,1,ALAJUELA|PALMARES
ALAJUELA|PALMARES|LA GRANJA,0.0,False,False,False,-1,ALAJUELA|PALMARES
ALAJUELA|POAS|SAN PEDRO,0.9991692549439418,True,True,True,1,ALAJUELA|POAS
ALAJUELA|POAS|SAN JUAN,0.8094011827159373,True,True,True,1,ALAJUELA|POAS
ALAJUELA|POAS|SAN RAFAEL,0.9917786725340584,True,True,True,1,ALAJUELA|POAS
ALAJUELA|POAS|CARRILLOS,0.9901628460320616,True,True,True,1,ALAJUELA|POAS
ALAJUELA|POAS|SABANA REDONDA,0.771216813284772,True,True,True,1,ALAJUELA|POAS
ALAJUELA|OROTINA|OROTINA,0.0,False,False,False,1,ALAJUELA|OROTINA
ALAJUELA|OROTINA|EL MASTATE,0.0,False,False,False,1,ALAJUELA|OROTINA
ALAJUELA|OROTINA|HACIENDA VIEJA,0.0020308593262614682,False,False,False,1,ALAJUELA|OROTINA
ALAJUELA|OROTINA|COYOLAR,0.0,False,False,False,1,ALAJUELA|OROTINA
ALAJUELA|OROTINA|LA CEIBA,0.0,False,False,False,1,ALAJUELA|OROTINA
ALAJUELA|SAN CARLOS|QUESADA,0.0,False,False,False,1,ALAJUELA|SAN CARLOS
ALAJUELA|SAN CARLOS|FLORENCIA,0.0,False,False,False,1,ALAJUELA|SAN CARLOS
ALAJUELA|SAN CARLOS|BUENAVISTA,0.0,False,False,False,1,ALAJUELA|SAN CARLOS
ALAJUELA|SAN CARLOS|AGUAS ZARCAS,0.0,False,False,False,1,ALAJUELA|SAN CARLOS
ALAJUELA|SAN CARLOS|VENECIA,0.0,False,False,False,1,ALAJUELA|SAN CARLOS
ALAJUELA|SAN CARLOS|PITAL,0.0,False,False,False,1,ALAJUELA|SAN CARLOS
ALAJUELA|SAN CARLOS|LA FORTUNA,0.0,False,False,False,1,ALAJUELA|SAN CARLOS
ALAJUELA|SAN CARLOS|LA TIGRA,0.0,False,False,False,1,ALAJUELA|SAN CARLOS
ALAJUELA|SAN CARLOS|LA PALMERA,0.0,False,False,False,1,ALAJUELA|SAN CARLOS
ALAJUELA|SAN CARLOS|VENADO,0.0,False,False,False,1,ALAJUELA|SAN CARLOS
ALAJUELA|SAN CARLOS|CUTRIS,0.0,False,False,False,1,ALAJUELA|SAN CARLOS
ALAJUELA|SAN CARLOS|MONTERREY,0.0,False,False,False,1,ALAJUELA|SAN CARLOS
ALAJUELA|SAN CARLOS|POCOSOL,0.0,False,False,False,1,ALAJUELA|SAN CARLOS
ALAJUELA|ZARCERO|ZARCERO,0.0,False,False,False,-1,ALAJUELA|ZARCERO
ALAJUELA|ZARCERO|LAGUNA,0.0,False,False,False,-1,ALAJUELA|ZARCERO
ALAJUELA|ZARCERO|TAPESCO,0.0,False,False,False,-1,ALAJUELA|ZARCERO
ALAJUELA|ZARCERO|GUADALUPE,0.0,False,False,False,1,ALAJUELA|ZARCERO
ALAJUELA|ZARCERO|PALMIRA,0.0,False,False,False,-1,ALAJUELA|ZARCERO
ALAJUELA|ZARCERO|ZAPOTE,0.0,False,False,False,-1,ALAJUELA|ZARCERO
ALAJUELA|ZARCERO|BRISAS,0.0,False,False,False,-1,ALAJUELA|ZARCERO
ALAJUELA|SARCHI|SARCHI NORTE,0.0,False,False,False,1,ALAJUELA|SARCHI
ALAJUELA|SARCHI|SARCHI SUR,0.0,False,False,False,1,ALAJUELA|SARCHI
ALAJUELA|SARCHI|TORO AMARILLO,0.0,False,False,False,1,ALAJUELA|SARCHI
ALAJUELA|SARCHI|SAN PEDRO,0.0,False,False,False,1,ALAJUELA|SARCHI
ALAJUELA|SARCHI|RODRIGUEZ,0.0,False,False,False,1,ALAJUELA|SARCHI
ALAJUELA|UPALA|UPALA,0.0,False,False,False,1,ALAJUELA|UPALA
ALAJUELA|UPALA|AGUAS CLARAS,0.0,False,False,False,1,ALAJUELA|UPALA
ALAJUELA|UPALA|SAN JOSE O PIZOTE,0.0,False,False,False,1,ALAJUELA|UPALA
ALAJUELA|UPALA|BIJAGUA,0.0,False,False,False,1,ALAJUELA|UPALA
ALAJUELA|UPALA|DELICIAS,0.0,False,False,False,1,ALAJUELA|UPALA
ALAJUELA|UPALA|DOS RIOS,0.0,False,False,False,1,ALAJUELA|UPALA
ALAJUELA|UPALA|YOLILLAL,0.0,False,False,False,1,ALAJUELA|UPALA
ALAJUELA|UPALA|CANALETE,0.0,False,False,False,1,ALAJUELA|UPALA
ALAJUELA|LOS CHILES|LOS CHILES,0.0,False,False,False,1,ALAJUELA|LOS CHILES
ALAJUELA|LOS CHILES|CAÑO NEGRO,0.0,False,False,False,1,ALAJUELA|LOS CHILES
ALAJUELA|LOS CHILES|EL AMPARO,0.0,False,False,False,1,ALAJUELA|LOS CHILES
ALAJUELA|LOS CHILES|SAN JORGE,0.0,False,False,False,1,ALAJUELA|LOS CHILES
ALAJUELA|GUATUSO|SAN RAFAEL,0.0,False,False,False,1,ALAJUELA|GUATUSO
ALAJUELA|GUATUSO|BUENAVISTA,0.0,False,False,False,1,ALAJUELA|GUATUSO
ALAJUELA|GUATUSO|COTE,0.0,False,False,False,1,ALAJUELA|GUATUSO
ALAJUELA|GUATUSO|KATIRA,0.0,False,False,False,1,ALAJUELA|GUATUSO
ALAJUELA|RIO CUARTO|RIO CUARTO,0.0,False,False,False,1,ALAJUELA|RIO CUARTO
ALAJUELA|RIO CUARTO|SANTA RITA,0.0,False,False,False,1,ALAJUELA|RIO CUARTO
ALAJUELA|RIO CUARTO|SANTA ISABEL,0.0,False,False,False,1,ALAJUELA|RIO CUARTO
CARTAGO|CENTRAL|ORIENTAL,1.0000000000000002,True,True,True,-1,CARTAGO|CENTRAL
CARTAGO|CENTRAL|OCCIDENTAL,1.0000000000000004,True,True,True,-1,CARTAGO|CENTRAL
CARTAGO|CENTRAL|CARMEN,1.0000000000000027,True,True,True,-1,CARTAGO|CENTRAL
CARTAGO|CENTRAL|SAN NICOLAS,0.9999999999999997,True,True,True,-1,CARTAGO|CENTRAL
CARTAGO|CENTRAL|AGUACALIENTE O SAN FRANCISCO,0.5696564814447194,True,True,True,-1,CARTAGO|CENTRAL
CARTAGO|CENTRAL|GUADALUPE O ARENILLA,1.0000000000000007,True,True,True,-1,CARTAGO|CENTRAL
CARTAGO|CENTRAL|CORRALILLO,0.0032024587580912305,True,False,False,-1,CARTAGO|CENTRAL
CARTAGO|CENTRAL|TIERRA BLANCA,0.9975396756278915,True,True,True,-1,CARTAGO|CENTRAL
CARTAGO|CENTRAL|DULCE NOMBRE,0.6582657725728973,True,True,True,-1,CARTAGO|CENTRAL
CARTAGO|CENTRAL|LLANO GRANDE,0.999349949664453,True,True,True,-1,CARTAGO|CENTRAL
CARTAGO|CENTRAL|QUEBRADILLA,0.9999999999999998,True,True,True,-1,CARTAGO|CENTRAL
CARTAGO|PARAISO|PARAISO,1.0,True,True,True,-1,CARTAGO|PARAISO
CARTAGO|PARAISO|SANTIAGO,0.9930176827314958,True,True,True,-1,CARTAGO|PARAISO
CARTAGO|PARAISO|OROSI,0.18313032839452634,True,False,True,-1,CARTAGO|PARAISO
CARTAGO|PARAISO|CACHI,0.9675460915529178,True,True,True,-1,CARTAGO|PARAISO
CARTAGO|PARAISO|LLANOS DE SANTA LUCIA,1.000000000000001,True,True,True,1,CARTAGO|PARAISO
CARTAGO|PARAISO|BIRRISITO,1.0000000000000016,True,True,True,-1,CARTAGO|PARAISO
CARTAGO|LA UNION|TRES RIOS,1.0000000000000013,True,True,True,-1,CARTAGO|LA UNION
CARTAGO|LA UNION|SAN DIEGO,1.000000000000002,True,True,True,-1,CARTAGO|LA UNION
CARTAGO|LA UNION|SAN JUAN,0.9999999999999997,True,True,True,-1,CARTAGO|LA UNION
CARTAGO|LA UNION|SAN RAFAEL,0.9999999999999953,True,True,True,-1,CARTAGO|LA UNION
CARTAGO|LA UNION|CONCEPCION,0.9999999999999996,True,True,True,-1,CARTAGO|LA UNION
CARTAGO|LA UNION|DULCE NOMBRE,0.9999999999999999,True,True,True,-1,CARTAGO|LA UNION
CARTAGO|LA UNION|SAN RAMON,1.0000000000000002,True,True,True,-1,CARTAGO|LA UNION
CARTAGO|LA UNION|RIO AZUL,0.9999999999999984,True,True,True,1,CARTAGO|LA UNION
CARTAGO|JIMENEZ|JUAN VIÑAS,0.032521821428673624,False,False,True,-1,CARTAGO|JIMENEZ
CARTAGO|JIMENEZ|TUCURRIQUE,0.0004623646214135581,False,False,False,1,CARTAGO|JIMENEZ
CARTAGO|JIMENEZ|LA VICTORIA,0.0004115175061824859,False,False,False,-1,CARTAGO|JIMENEZ
CARTAGO|TURRIALBA|TURRIALBA,0.0,False,False,False,-1,CARTAGO|TURRIALBA
CARTAGO|TURRIALBA|LA SUIZA,0.0,False,False,False,-1,CARTAGO|TURRIALBA
CARTAGO|TURRIALBA|PERALTA,0.0,False,False,False,1,CARTAGO|TURRIALBA
CARTAGO|TURRIALBA|SANTA CRUZ,0.00040227149098825114,False,False,False,-1,CARTAGO|TURRIALBA
CARTAGO|TURRIALBA|SANTA TERESITA,0.0,False,False,False,1,CARTAGO|TURRIALBA
CARTAGO|TURRIALBA|PAVONES,0.0,False,False,False,1,CARTAGO|TURRIALBA
CARTAGO|TURRIALBA|TUIS,0.0,False,False,False,1,CARTAGO|TURRIALBA
CARTAGO|TURRIALBA|TAYUTIC,0.0,False,False,False,-1,CARTAGO|TURRIALBA
CARTAGO|TURRIALBA|SANTA ROSA,0.0,False,False,False,-1,CARTAGO|TURRIALBA
CARTAGO|TURRIALBA|TRES EQUIS,0.0,False,False,False,1,CARTAGO|TURRIALBA
CARTAGO|TURRIALBA|LA ISABEL,0.0,False,False,False,1,CARTAGO|TURRIALBA
CARTAGO|TURRIALBA|CHIRRIPO,0.0,False,False,False,1,CARTAGO|TURRIALBA
CARTAGO|ALVARADO|PACAYAS,0.9936392646683402,True,True,True,-1,CARTAGO|ALVARADO
CARTAGO|ALVARADO|CERVANTES,1.0000000000000002,True,True,True,-1,CARTAGO|ALVARADO
CARTAGO|ALVARADO|CAPELLADES,0.9847610610056594,True,True,True,-1,CARTAGO|ALVARADO
CARTAGO|OREAMUNO|SAN RAFAEL,0.9999999999999969,True,True,True,-1,CARTAGO|OREAMUNO
CARTAGO|OREAMUNO|COT,0.9999999999999973,True,True,True,-1,CARTAGO|OREAMUNO
CARTAGO|OREAMUNO|POTRERO CERRADO,0.9985512527597652,True,True,True,-1,CARTAGO|OREAMUNO
CARTAGO|OREAMUNO|CIPRESES,1.0000000000000009,True,True,True,-1,CARTAGO|OREAMUNO
CARTAGO|OREAMUNO|SANTA ROSA,0.12090417828608956,True,False,True,-1,CARTAGO|OREAMUNO
CARTAGO|EL GUARCO|EL TEJAR,1.0000000000000002,True,True,True,-1,CARTAGO|EL GUARCO
CARTAGO|EL GUARCO|SAN ISIDRO,0.42500131187910656,True,False,True,-1,CARTAGO|EL GUARCO
CARTAGO|EL GUARCO|TOBOSI,0.9943699946176513,True,True,True,-1,CARTAGO|EL GUARCO
CARTAGO|EL GUARCO|PATIO DE AGUA,0.015877352726453756,True,False,True,-1,CARTAGO|EL GUARCO
HEREDIA|CENTRAL|HEREDIA,1.0,True,True,True,-1,HEREDIA|CENTRAL
HEREDIA|CENTRAL|MERCEDES,0.999999999999998,True,True,True,-1,HEREDIA|CENTRAL
HEREDIA|CENTRAL|SAN FRANCISCO,1.0000000000000009,True,True,True,-1,HEREDIA|CENTRAL
HEREDIA|CENTRAL|ULLOA,1.0000000000000007,True,True,True,-1,HEREDIA|CENTRAL
HEREDIA|CENTRAL|VARABLANCA,0.0024006869613963327,True,False,False,1,HEREDIA|CENTRAL
HEREDIA|BARVA|BARVA,0.9999999999999989,True,True,True,-1,HEREDIA|BARVA
HEREDIA|BARVA|SAN PEDRO,1.0000000000000009,True,True,True,-1,HEREDIA|BARVA
HEREDIA|BARVA|SAN PABLO,1.0000000000000002,True,True,True,-1,HEREDIA|BARVA
HEREDIA|BARVA|SAN ROQUE,0.9999999999999997,True,True,True,-1,HEREDIA|BARVA
HEREDIA|BARVA|SANTA LUCIA,1.0000000000000013,True,True,True,-1,HEREDIA|BARVA
HEREDIA|BARVA|SAN JOSE DE LA MONTAÑA,0.9955342940946332,True,True,True,-1,HEREDIA|BARVA
HEREDIA|BARVA|PUENTE SALAS,1.0000000000000004,True,True,True,1,HEREDIA|BARVA
HEREDIA|SANTO DOMINGO|SANTO DOMINGO,0.9999999999999997,True,True,True,-1,HEREDIA|SANTO DOMINGO
HEREDIA|SANTO DOMINGO|SAN VICENTE,1.0000000000000002,True,True,True,-1,HEREDIA|SANTO DOMINGO
HEREDIA|SANTO DOMINGO|SAN MIGUEL,0.9999999999999982,True,True,True,-1,HEREDIA|SANTO DOMINGO
HEREDIA|SANTO DOMINGO|PARACITO,1.0000000000000004,True,True,True,1,HEREDIA|SANTO DOMINGO
HEREDIA|SANTO DOMINGO|SANTO TOMAS,1.0000000000000009,True,True,True,-1,HEREDIA|SANTO DOMINGO
HEREDIA|SANTO DOMINGO|SANTA ROSA,0.9999999999999989,True,True,True,-1,HEREDIA|SANTO DOMINGO
HEREDIA|SANTO DOMINGO|TURES,1.0000000000000004,True,True,True,-1,HEREDIA|SANTO DOMINGO
HEREDIA|SANTO DOMINGO|PARA,1.000000000000002,True,True,True,-1,HEREDIA|SANTO DOMINGO
HEREDIA|SANTA BARBARA|SANTA BARBARA,0.9999999999999988,True,True,True,1,HEREDIA|SANTA BARBARA
HEREDIA|SANTA BARBARA|SAN PEDRO,1.0000000000000004,True,True,True,1,HEREDIA|SANTA BARBARA
HEREDIA|SANTA BARBARA|SAN JUAN,0.9999999999999988,True,True,True,1,HEREDIA|SANTA BARBARA
HEREDIA|SANTA BARBARA|JESUS,0.9999999999999993,True,True,True,1,HEREDIA|SANTA BARBARA
HEREDIA|SANTA BARBARA|SANTO DOMINGO,0.9824841716973594,True,True,True,-1,HEREDIA|SANTA BARBARA
HEREDIA|SANTA BARBARA|PURABA,0.9999999999999984,True,True,True,1,HEREDIA|SANTA BARBARA
HEREDIA|SAN RAFAEL|SAN RAFAEL,1.0000000000000004,True,True,True,-1,HEREDIA|SAN RAFAEL
HEREDIA|SAN RAFAEL|SAN JOSECITO,1.0000000000000016,True,True,True,-1,HEREDIA|SAN RAFAEL
HEREDIA|SAN RAFAEL|SANTIAGO,1.0000000000000007,True,True,True,-1,HEREDIA|SAN RAFAEL
HEREDIA|SAN RAFAEL|CONCEPCION,0.9947997165754876,True,True,True,-1,HEREDIA|SAN RAFAEL
HEREDIA|SAN ISIDRO|SAN ISIDRO,0.9999999999999997,True,True,True,-1,HEREDIA|SAN ISIDRO
HEREDIA|SAN ISIDRO|SAN JOSE,0.9983469931111345,True,True,True,-1,HEREDIA|SAN ISIDRO
HEREDIA|SAN ISIDRO|CONCEPCION,0.9878115979602644,True,True,True,-1,HEREDIA|SAN ISIDRO
HEREDIA|SAN ISIDRO|SAN FRANCISCO,1.0000000000000013,True,True,True,-1,HEREDIA|SAN ISIDRO
HEREDIA|BELEN|SAN ANTONIO,0.9999999999999999,True,True,True,-1,HEREDIA|BELEN
HEREDIA|BELEN|LA RIBERA,1.0000000000000007,True,True,True,-1,HEREDIA|BELEN
HEREDIA|BELEN|LA ASUNCION,1.0000000000000002,True,True,True,-1,HEREDIA|BELEN
HEREDIA|FLORES|SAN JOAQUIN,1.0000000000000002,True,True,True,-1,HEREDIA|FLORES
HEREDIA|FLORES|BARRANTES,0.9999999999999982,True,True,True,-1,HEREDIA|FLORES
HEREDIA|FLORES|LLORENTE,1.0000000000000004,True,True,True,-1,HEREDIA|FLORES
HEREDIA|SAN PABLO|SAN PABLO,1.0000000000000009,True,True,True,-1,HEREDIA|SAN PABLO
HEREDIA|SAN PABLO|RINCON DE SABANILLA,0.9999999999999994,True,True,True,-1,HEREDIA|SAN PABLO
HEREDIA|SARAPIQUI|PUERTO VIEJO,0.0,False,False,False,1,HEREDIA|SARAPIQUI
HEREDIA|SARAPIQUI|LA VIRGEN,0.0,False,False,False,1,HEREDIA|SARAPIQUI
HEREDIA|SARAPIQUI|LAS HORQUETAS,0.0,False,False,False,1,HEREDIA|SARAPIQUI
HEREDIA|SARAPIQUI|LLANURAS DEL GASPAR,0.0,False,False,False,1,HEREDIA|SARAPIQUI
HEREDIA|SARAPIQUI|CUREÑA,0.0,False,False,False,1,HEREDIA|SARAPIQUI
GUANACASTE|LIBERIA|LIBERIA,0.0,False,False,False,1,GUANACASTE|LIBERIA
GUANACASTE|LIBERIA|CAÑAS DULCES,0.0,False,False,False,1,GUANACASTE|LIBERIA
GUANACASTE|LIBERIA|MAYORGA,0.0,False,False,False,1,GUANACASTE|LIBERIA
GUANACASTE|LIBERIA|NACASCOLO,0.0,False,False,False,1,GUANACASTE|LIBERIA
GUANACASTE|LIBERIA|CURUBANDE,0.0,False,False,False,1,GUANACASTE|LIBERIA
GUANACASTE|NICOYA|NICOYA,0.0,False,False,False,1,GUANACASTE|NICOYA
GUANACASTE|NICOYA|MANSION,0.0,False,False,False,1,GUANACASTE|NICOYA
GUANACASTE|NICOYA|SAN ANTONIO,0.0,False,False,False,1,GUANACASTE|NICOYA
GUANACASTE|NICOYA|QUEBRADA HONDA,0.0,False,False,False,1,GUANACASTE|NICOYA
GUANACASTE|NICOYA|SAMARA,0.0,False,False,False,1,GUANACASTE|NICOYA
GUANACASTE|NICOYA|NOSARA,0.0,False,False,False,1,GUANACASTE|NICOYA
GUANACASTE|NICOYA|BELEN DE NOSARITA,0.0,False,False,False,1,GUANACASTE|NICOYA
GUANACASTE|SANTA CRUZ|SANTA CRUZ,0.0,False,False,False,1,GUANACASTE|SANTA CRUZ
GUANACASTE|SANTA CRUZ|BOLSON,0.0,False,False,False,1,GUANACASTE|SANTA CRUZ
GUANACASTE|SANTA CRUZ|VEINTISIETE DE ABRIL,0.0,False,False,False,1,GUANACASTE|SANTA CRUZ
GUANACASTE|SANTA CRUZ|TEMPATE,0.0,False,False,False,1,GUANACASTE|SANTA CRUZ
GUANACASTE|SANTA CRUZ|CARTAGENA,0.0,False,False,False,1,GUANACASTE|SANTA CRUZ
GUANACASTE|SANTA CRUZ|CUAJINIQUIL,0.0,False,False,False,1,GUANACASTE|SANTA CRUZ
GUANACASTE|SANTA CRUZ|DIRIA,0.0,False,False,False,1,GUANACASTE|SANTA CRUZ
GUANACASTE|SANTA CRUZ|CABO VELAS,0.0,False,False,False,1,GUANACASTE|SANTA CRUZ
GUANACASTE|SANTA CRUZ|TAMARINDO,0.0,False,False,False,1,GUANACASTE|SANTA CRUZ
GUANACASTE|BAGACES|BAGACES,0.0,False,False,False,1,GUANACASTE|BAGACES
GUANACASTE|BAGACES|LA FORTUNA,0.0,False,False,False,1,GUANACASTE|BAGACES
GUANACASTE|BAGACES|MOGOTE,0.0,False,False,False,1,GUANACASTE|BAGACES
GUANACASTE|BAGACES|RIO NARANJO,0.0,False,False,False,1,GUANACASTE|BAGACES
GUANACASTE|CARRILLO|FILADELFIA,0.0,False,False,False,1,GUANACASTE|CARRILLO
GUANACASTE|CARRILLO|PALMIRA,0.0,False,False,False,1,GUANACASTE|CARRILLO
GUANACASTE|CARRILLO|SARDINAL,0.0,False,False,False,1,GUANACASTE|CARRILLO
GUANACASTE|CARRILLO|BELEN,0.0,False,False,False,1,GUANACASTE|CARRILLO
GUANACASTE|CAÑAS|CAÑAS,0.0,False,False,False,1,GUANACASTE|CAÑAS
GUANACASTE|CAÑAS|PALMIRA,0.0,False,False,False,1,GUANACASTE|CAÑAS
GUANACASTE|CAÑAS|SAN MIGUEL,0.0,False,False,False,1,GUANACASTE|CAÑAS
GUANACASTE|CAÑAS|BEBEDERO,0.0,False,False,False,1,GUANACASTE|CAÑAS
GUANACASTE|CAÑAS|POROZAL,0.0,False,False,False,1,GUANACASTE|CAÑAS
GUANACASTE|ABANGARES|LAS JUNTAS,0.0,False,False,False,1,GUANACASTE|ABANGARES
GUANACASTE|ABANGARES|SIERRA,0.0,False,False,False,1,GUANACASTE|ABANGARES
GUANACASTE|ABANGARES|SAN JUAN,0.0,False,False,False,1,GUANACASTE|ABANGARES
GUANACASTE|ABANGARES|COLORADO,0.0,False,False,False,1,GUANACASTE|ABANGARES
GUANACASTE|TILARAN|TILARAN,0.0,False,False,False,1,GUANACASTE|TILARAN
GUANACASTE|TILARAN|QUEBRADA GRANDE,0.0,False,False,False,1,GUANACASTE|TILARAN
GUANACASTE|TILARAN|TRONADORA,0.0,False,False,False,1,GUANACASTE|TILARAN
GUANACASTE|TILARAN|SANTA ROSA,0.0,False,False,False,1,GUANACASTE|TILARAN
GUANACASTE|TILARAN|LIBANO,0.0,False,False,False,1,GUANACASTE|TILARAN
GUANACASTE|TILARAN|TIERRAS MORENAS,0.0,False,False,False,1,GUANACASTE|TILARAN
GUANACASTE|TILARAN|ARENAL,0.0,False,False,False,1,GUANACASTE|TILARAN
GUANACASTE|TILARAN|CABECERAS,0.0,False,False,False,1,GUANACASTE|TILARAN
GUANACASTE|NANDAYURE|CARMONA,0.0,False,False,False,1,GUANACASTE|NANDAYURE
GUANACASTE|NANDAYURE|SANTA RITA,0.0,False,False,False,1,GUANACASTE|NANDAYURE
GUANACASTE|NANDAYURE|ZAPOTAL,0.0,False,False,False,1,GUANACASTE|NANDAYURE
GUANACASTE|NANDAYURE|SAN PABLO,0.0,False,False,False,1,GUANACASTE|NANDAYURE
GUANACASTE|NANDAYURE|PORVENIR,0.0,False,False,False,1,GUANACASTE|NANDAYURE
GUANACASTE|NANDAYURE|BEJUCO,0.0,False,False,False,1,GUANACASTE|NANDAYURE
GUANACASTE|LA CRUZ|LA CRUZ,0.0,False,False,False,1,GUANACASTE|LA CRUZ
GUANACASTE|LA CRUZ|SANTA CECILIA,0.0,False,False,False,1,GUANACASTE|LA CRUZ
GUANACASTE|LA CRUZ|LA GARITA,0.0,False,False,False,1,GUANACASTE|LA CRUZ
GUANACASTE|LA CRUZ|SANTA ELENA,0.0,False,False,False,1,GUANACASTE|LA CRUZ
GUANACASTE|HOJANCHA|HOJANCHA,0.0,False,False,False,1,GUANACASTE|HOJANCHA
GUANACASTE|HOJANCHA|MONTE ROMO,0.0,False,False,False,1,GUANACASTE|HOJANCHA
GUANACASTE|HOJANCHA|PUERTO CARRILLO,0.0,False,False,False,1,GUANACASTE|HOJANCHA
GUANACASTE|HOJANCHA|HUACAS,0.0,False,False,False,-1,GUANACASTE|HOJANCHA
GUANACASTE|HOJANCHA|MATAMBU,0.0,False,False,False,1,GUANACASTE|HOJANCHA
PUNTARENAS|CENTRAL|PUNTARENAS,0.0,False,False,False,1,PUNTARENAS|CENTRAL
PUNTARENAS|CENTRAL|PITAHAYA,0.0,False,False,False,1,PUNTARENAS|CENTRAL
PUNTARENAS|CENTRAL|CHOMES,0.0,False,False,False,1,PUNTARENAS|CENTRAL
PUNTARENAS|CENTRAL|LEPANTO,0.0,False,False,False,1,PUNTARENAS|CENTRAL
PUNTARENAS|CENTRAL|PAQUERA,0.0,False,False,False,1,PUNTARENAS|CENTRAL
PUNTARENAS|CENTRAL|MANZANILLO,0.0,False,False,False,1,PUNTARENAS|CENTRAL
PUNTARENAS|CENTRAL|GUACIMAL,0.0,False,False,False,1,PUNTARENAS|CENTRAL
PUNTARENAS|CENTRAL|BARRANCA,0.0,False,False,False,1,PUNTARENAS|CENTRAL
PUNTARENAS|CENTRAL|COBANO,0.0,False,False,False,1,PUNTARENAS|CENTRAL
PUNTARENAS|CENTRAL|CHACARITA,0.0,False,False,False,1,PUNTARENAS|CENTRAL
PUNTARENAS|CENTRAL|ACAPULCO,0.0,False,False,False,1,PUNTARENAS|CENTRAL
PUNTARENAS|CENTRAL|EL ROBLE,0.0,False,False,False,1,PUNTARENAS|CENTRAL
PUNTARENAS|CENTRAL|ARANCIBIA,0.0,False,False,False,1,PUNTARENAS|CENTRAL
PUNTARENAS|ESPARZA|ESPIRITU SANTO,0.0,False,False,False,1,PUNTARENAS|ESPARZA
PUNTARENAS|ESPARZA|SAN JUAN GRANDE,0.0,False,False,False,1,PUNTARENAS|ESPARZA
PUNTARENAS|ESPARZA|MACACONA,0.0,False,False,False,1,PUNTARENAS|ESPARZA
PUNTARENAS|ESPARZA|SAN RAFAEL,0.0,False,False,False,1,PUNTARENAS|ESPARZA
PUNTARENAS|ESPARZA|SAN JERONIMO,0.0,False,False,False,1,PUNTARENAS|ESPARZA
PUNTARENAS|ESPARZA|CALDERA,0.0,False,False,False,1,PUNTARENAS|ESPARZA
PUNTARENAS|BUENOS AIRES|BUENOS AIRES,0.0,False,False,False,1,PUNTARENAS|BUENOS AIRES
PUNTARENAS|BUENOS AIRES|VOLCAN,0.0,False,False,False,1,PUNTARENAS|BUENOS AIRES
PUNTARENAS|BUENOS AIRES|POTRERO GRANDE,0.0,False,False,False,1,PUNTARENAS|BUENOS AIRES
PUNTARENAS|BUENOS AIRES|BORUCA,0.0,False,False,False,1,PUNTARENAS|BUENOS AIRES
PUNTARENAS|BUENOS AIRES|PILAS,0.0,False,False,False,1,PUNTARENAS|BUENOS AIRES
PUNTARENAS|BUENOS AIRES|COLINAS,0.0,False,False,False,1,PUNTARENAS|BUENOS AIRES
PUNTARENAS|BUENOS AIRES|CHANGUENA,0.0,False,False,False,1,PUNTARENAS|BUENOS AIRES
PUNTARENAS|BUENOS AIRES|BIOLLEY,0.0,False,False,False,1,PUNTARENAS|BUENOS AIRES
PUNTARENAS|BUENOS AIRES|BRUNKA,0.0,False,False,False,1,PUNTARENAS|BUENOS AIRES
PUNTARENAS|MONTES DE ORO|MIRAMAR,0.0,False,False,False,1,PUNTARENAS|MONTES DE ORO
PUNTARENAS|MONTES DE ORO|LA UNION,0.0,False,False,False,1,PUNTARENAS|MONTES DE ORO
PUNTARENAS|MONTES DE ORO|SAN ISIDRO,0.0,False,False,False,1,PUNTARENAS|MONTES DE ORO
PUNTARENAS|OSA|PUERTO CORTES,0.0,False,False,False,1,PUNTARENAS|OSA
PUNTARENAS|OSA|PALMAR,0.0,False,False,False,1,PUNTARENAS|OSA
PUNTARENAS|OSA|SIERPE,0.0,False,False,False,1,PUNTARENAS|OSA
PUNTARENAS|OSA|BAHIA BALLENA,0.0,False,False,False,1,PUNTARENAS|OSA
PUNTARENAS|OSA|PIEDRAS BLANCAS,0.0,False,False,False,1,PUNTARENAS|OSA
PUNTARENAS|OSA|BAHIA DRAKE,0.0,False,False,False,1,PUNTARENAS|OSA
PUNTARENAS|QUEPOS|QUEPOS,0.0,False,False,False,1,PUNTARENAS|QUEPOS
PUNTARENAS|QUEPOS|SAVEGRE,0.0,False,False,False,1,PUNTARENAS|QUEPOS
PUNTARENAS|QUEPOS|NARANJITO,0.0,False,False,False,1,PUNTARENAS|QUEPOS
PUNTARENAS|GOLFITO|GOLFITO,0.0,False,False,False,1,PUNTARENAS|GOLFITO
PUNTARENAS|GOLFITO|GUAYCARA,0.0,False,False,False,1,PUNTARENAS|GOLFITO
PUNTARENAS|GOLFITO|PAVON,0.0,False,False,False,1,PUNTARENAS|GOLFITO
PUNTARENAS|COTO BRUS|SAN VITO,0.0,False,False,False,1,PUNTARENAS|COTO BRUS
PUNTARENAS|COTO BRUS|SABALITO,0.0,False,False,False,1,PUNTARENAS|COTO BRUS
PUNTARENAS|COTO BRUS|AGUABUENA,0.0,False,False,False,1,PUNTARENAS|COTO BRUS
PUNTARENAS|COTO BRUS|LIMONCITO,0.0,False,False,False,1,PUNTARENAS|COTO BRUS
PUNTARENAS|COTO BRUS|PITTIER,0.0,False,False,False,1,PUNTARENAS|COTO BRUS
PUNTARENAS|COTO BRUS|GUTIERREZ BRAUN,0.0,False,False,False,1,PUNTARENAS|COTO BRUS
PUNTARENAS|PARRITA|PARRITA,0.0,False,False,False,1,PUNTARENAS|PARRITA
PUNTARENAS|CORREDORES|CORREDOR,0.0,False,False,False,1,PUNTARENAS|CORREDORES
PUNTARENAS|CORREDORES|LA CUESTA,0.0,False,False,False,1,PUNTARENAS|CORREDORES
PUNTARENAS|CORREDORES|CANOAS,0.0,False,False,False,1,PUNTARENAS|CORREDORES
PUNTARENAS|CORREDORES|LAUREL,0.0,False,False,False,1,PUNTARENAS|CORREDORES
PUNTARENAS|GARABITO|JACO,0.0,False,False,False,1,PUNTARENAS|GARABITO
PUNTARENAS|GARABITO|TARCOLES,0.0,False,False,False,1,PUNTARENAS|GARABITO
PUNTARENAS|GARABITO|LAGUNILLAS,0.0,False,False,False,1,PUNTARENAS|GARABITO
PUNTARENAS|MONTEVERDE|MONTEVERDE,0.0,False,False,False,-1,PUNTARENAS|MONTEVERDE
PUNTARENAS|PUERTO JIMENEZ|PUERTO JIMENEZ,0.0,False,False,False,1,PUNTARENAS|PUERTO JIMENEZ
LIMON|CENTRAL|LIMON,0.0,False,False,False,1,LIMON|CENTRAL
LIMON|CENTRAL|VALLE LA ESTRELLA,0.0,False,False,False,1,LIMON|CENTRAL
LIMON|CENTRAL|RIO BLANCO,0.0,False,False,False,1,LIMON|CENTRAL
LIMON|CENTRAL|MATAMA,0.0,False,False,False,1,LIMON|CENTRAL
LIMON|POCOCI|GUAPILES,0.0,False,False,False,1,LIMON|POCOCI
LIMON|POCOCI|JIMENEZ,0.0,False,False,False,1,LIMON|POCOCI
LIMON|POCOCI|RITA,0.0,False,False,False,1,LIMON|POCOCI
LIMON|POCOCI|ROXANA,0.0,False,False,False,1,LIMON|POCOCI
LIMON|POCOCI|CARIARI,0.0,False,False,False,1,LIMON|POCOCI
LIMON|POCOCI|COLORADO,0.0,False,False,False,1,LIMON|POCOCI
LIMON|POCOCI|LA COLONIA,0.0,False,False,False,1,LIMON|POCOCI
LIMON|SIQUIRRES|SIQUIRRES,0.0,False,False,False,1,LIMON|SIQUIRRES
LIMON|SIQUIRRES|PACUARITO,0.0,False,False,False,1,LIMON|SIQUIRRES
LIMON|SIQUIRRES|FLORIDA,0.0,False,False,False,1,LIMON|SIQUIRRES
LIMON|SIQUIRRES|GERMANIA,0.0,False,False,False,1,LIMON|SIQUIRRES
LIMON|SIQUIRRES|EL CAIRO,0.0,False,False,False,1,LIMON|SIQUIRRES
LIMON|SIQUIRRES|ALEGRIA,0.0,False,False,False,1,LIMON|SIQUIRRES
LIMON|SIQUIRRES|REVENTAZON,0.0,False,False,False,1,LIMON|SIQUIRRES
LIMON|TALAMANCA|BRATSI,0.0,False,False,False,1,LIMON|TALAMANCA
LIMON|TALAMANCA|SIXAOLA,0.0,False,False,False,1,LIMON|TALAMANCA
LIMON|TALAMANCA|CAHUITA,0.0,False,False,False,1,LIMON|TALAMANCA
LIMON|TALAMANCA|TELIRE,0.0,False,False,False,1,LIMON|TALAMANCA
LIMON|MATINA|MATINA,0.0,False,False,False,1,LIMON|MATINA
LIMON|MATINA|BATAN,0.0,False,False,False,1,LIMON|MATINA
LIMON|MATINA|CARRANDI,0.0,False,False,False,1,LIMON|MATINA
LIMON|GUACIMO|GUACIMO,0.0,False,False,False,1,LIMON|GUACIMO
LIMON|GUACIMO|MERCEDES,0.0,False,False,False,1,LIMON|GUACIMO
LIMON|GUACIMO|POCORA,0.0,False,False,False,1,LIMON|GUACIMO
LIMON|GUACIMO|RIO JIMENEZ,0.0,False,False,False,1,LIMON|GUACIMO
LIMON|GUACIMO|DUACARI,0.0,False,False,False,1,LIMON|GUACIMO
