,population
SAN JOSE|GOICOECHEA|GUADALUPE,20147
CARTAGO|CENTRAL|PITAHAYA,8104
SAN JOSE|GOICOECHEA|FACIO Y LA MORA,11610
SAN JOSE|MORAVIA|SAN VICENTE,22334
SAN JOSE|CENTRAL|RINCON GRANDE,21597
SAN JOSE|MORA|SAN BOSCO,1630
SAN JOSE|ALAJUELITA|CONCEPCION ABAJO,8326
SAN JOSE|DESAMPARADOS|CRISTO REY,1058
SAN JOSE|PURISCAL|GRIFO ALTO,896
CARTAGO|CENTRAL|RIO CONEJO,779
SAN JOSE|PEREZ ZELEDON|LA AURORA,3521
SAN JOSE|CENTRAL|BARRIO MEXICO,8475
SAN JOSE|PURISCAL|ALTO LA PALMA,302
HEREDIA|SAN PABLO|MIRAFLORES,3600
SAN JOSE|CENTRAL|ZAPOTE,13169
SAN JOSE|MORAVIA|LA TRINIDAD (GUAYABAL),11233
SAN JOSE|ACOSTA|URUCA,194
ALAJUELA|CENTRAL|HLE. SANTIAGO CRESPO CALVO,131
SAN JOSE|CENTRAL|LA CAJA,3036
SAN JOSE|DESAMPARADOS|LA CAPRI,5144
SAN JOSE|ACOSTA|PALMICHAL,2322
SAN JOSE|CENTRAL|CATEDRAL,1560
LIMON|POCOCI|LAS PALMITAS,1516
SAN JOSE|PEREZ ZELEDON|SAN ISIDRO DE EL GENERAL,6995
ALAJUELA|POAS|SAN PEDRO,7095
PUNTARENAS|PARRITA|LA JULIETA,1904
HEREDIA|CENTRAL|LA AURORA (PARTE SUR),9628
SAN JOSE|DESAMPARADOS|SAN RAFAEL ARRIBA,11603
SAN JOSE|CENTRAL|COLONIA KENNEDY,3666
SAN JOSE|CURRIDABAT|CIPRESES,4073
SAN JOSE|DESAMPARADOS|DESAMPARADOS,9631
SAN JOSE|MORA|QUITIRRISI,1037
SAN JOSE|VAZQUEZ DE CORONADO|SAN RAFAEL,5192
SAN JOSE|PURISCAL|MERCEDES NORTE,1504
CONSULADO|MEXICO|MEXICO,1281
SAN JOSE|CENTRAL|SANTA MARTA,6924
PUNTARENAS|CENTRAL|CHACARITA,7146
SAN JOSE|SANTA ANA|RIO ORO,5701
ALAJUELA|CENTRAL|VILLA BONITA (PARTE SUR),6136
PUNTARENAS|COTO BRUS|FLOR DEL ROBLE,491
GUANACASTE|NICOYA|SANTA ANA,761
ALAJUELA|CENTRAL|SAN RAFAEL ESTE,7832
SAN JOSE|GOICOECHEA|MATA DE PLATANO O CARMEN,13723
ALAJUELA|ATENAS|GUACIMO,113
GUANACASTE|NANDAYURE|SANTA RITA,996
CARTAGO|TURRIALBA|HLE. SAN BUENAVENTURA,52
SAN JOSE|DESAMPARADOS|SAN ANTONIO,9467
SAN JOSE|CENTRAL|PASO ANCHO SUR,9785
SAN JOSE|PURISCAL|SAN JUAN,1216
LIMON|MATINA|BARBILLA NORTE,406
SAN JOSE|SANTA ANA|PIEDADES,5665
SAN JOSE|MORA|TABARCIA,1489
SAN JOSE|SANTA ANA|SANTA ANA,7653
PUNTARENAS|OSA|SAN FRANCISCO DE RIO TINOCO,732
SAN JOSE|TURRUBARES|SAN PABLO,1458
SAN JOSE|CENTRAL|CARMEN,1270
SAN JOSE|ESCAZU|CARMEN (CHIVERRAL),3002
LIMON|GUACIMO|POCORA PARTE NORTE,2551
SAN JOSE|ESCAZU|SAN ANTONIO,12913
SAN JOSE|CENTRAL|SAN SEBASTIAN,11341
SAN JOSE|MORA|COLON,8704
ALAJUELA|CENTRAL|NUESTRO AMO,2114
GUANACASTE|NICOYA|COPAL,692
SAN JOSE|TIBAS|ANSELMO LLORENTE,8590
SAN JOSE|TIBAS|FLORIDA (INVU),6556
CARTAGO|LA UNION|CONCEPCION,10328
SAN JOSE|CENTRAL|VILLA ESPERANZA,9850
SAN JOSE|CENTRAL|MARIA REINA,5866
HEREDIA|CENTRAL|MERCEDES NORTE,12160
ALAJUELA|GRECIA|CARBONAL (CRISTO REY),999
SAN JOSE|PURISCAL|SALITRALES,171
SAN JOSE|CENTRAL|SAN FRANCISCO DE DOS RIOS,11231
SAN JOSE|CENTRAL|BARRIO LUJAN,5154
HEREDIA|CENTRAL|HEREDIA,17297
SAN JOSE|ASERRI|ASERRI,19149
SAN JOSE|MONTES DE OCA|SAN RAFAEL,7146
CARTAGO|LA UNION|RINCON MESEN ESTE,1333
PUNTARENAS|PARRITA|PUEBLO NUEVO,1517
SAN JOSE|CENTRAL|PAVAS,14694
CONSULADO|CANADA|TORONTO,875
SAN JOSE|DESAMPARADOS|VALENCIA,5563
SAN JOSE|ESCAZU|SAN RAFAEL,9928
SAN JOSE|PURISCAL|SANTIAGO,8415
SAN JOSE|ALAJUELITA|SAN JOSECITO,8077
SAN JOSE|CENTRAL|MATA REDONDA,3663
SAN JOSE|CURRIDABAT|TIRRASES,4651
PUNTARENAS|CORREDORES|CANOAS,3050
HEREDIA|SANTO DOMINGO|SANTA ROSA,5511
PUNTARENAS|BUENOS AIRES|EL CEIBO,447
SAN JOSE|TARRAZU|SAN MARCOS,5155
GUANACASTE|NICOYA|BELEN DE NOSARITA,910
SAN JOSE|ALAJUELITA|ALAJUELITA,10322
SAN JOSE|GOICOECHEA|HLE. CARLOS MARIA ULLOA,168
SAN JOSE|ACOSTA|ESCUADRA,149
ALAJUELA|OROTINA|OROTINA,7336
SAN JOSE|ASERRI|SANTA TERESITA,2267
SAN JOSE|CENTRAL|HATILLO,16787
SAN JOSE|PEREZ ZELEDON|SAN ANTONIO,1055
LIMON|GUACIMO|GUACIMO,10655
SAN JOSE|MONTES DE OCA|SABANILLA,8451
SAN JOSE|MONTES DE OCA|LOURDES,11390
SAN JOSE|DOTA|SANTA MARIA,4006
SAN JOSE|SANTA ANA|POZOS,9390
CARTAGO|CENTRAL|GUADALUPE O ARENILLA,12087
SAN JOSE|MONTES DE OCA|HLE. MONTES DE OCA,65
PUNTARENAS|CORREDORES|CAMPO DOS Y MEDIO (PARTE SUR),158
PUNTARENAS|OSA|OJO DE AGUA,1529
SAN JOSE|PURISCAL|HLE. CORAZON DE JESUS,38
SAN JOSE|ASERRI|SALITRILLOS,4409
SAN JOSE|MONTES DE OCA|SAN PEDRO,9599
PUNTARENAS|COTO BRUS|LA LUCHA,847
CARTAGO|LA UNION|VILLAS DE AYARCO,4355
SAN JOSE|GOICOECHEA|CALLE BLANCOS Y SAN GABRIEL,11659
SAN JOSE|CENTRAL|URUCA,2801
LIMON|SIQUIRRES|EL PEJE,537
SAN JOSE|DESAMPARADOS|GUATUSO,3874
SAN JOSE|CENTRAL|SAN BOSCO,2717
ALAJUELA|CENTRAL|SAN RAFAEL OESTE,9580
CONSULADO|ESTADOS UNIDOS|LOS ANGELES,5232
SAN JOSE|CENTRAL|CRISTO REY,4339
SAN JOSE|DESAMPARADOS|HIGUITO,9760
LIMON|SIQUIRRES|EL CAIRO,4114
SAN JOSE|CENTRAL|ARANJUEZ,3830
SAN JOSE|PURISCAL|PEDERNAL O SAN PEDRO,705
CARTAGO|PARAISO|CACHI,3565
CARTAGO|CENTRAL|MANUEL DE JESUS JIMENEZ,4939
SAN JOSE|GOICOECHEA|PURRAL,10547
SAN JOSE|PEREZ ZELEDON|QUEBRADAS,1134
LIMON|CENTRAL|SANTA EDUVIGIS,2537
SAN JOSE|DESAMPARADOS|FATIMA DE DAMAS,2705
SAN JOSE|CENTRAL|OMAR DENGO,9183
SAN JOSE|CENTRAL|PASO ANCHO NORTE,6050
ALAJUELA|CENTRAL|EL COYOL,7079
ALAJUELA|CENTRAL|GARITA,3710
PUNTARENAS|QUEPOS|TIERRAS MORENAS,69
SAN JOSE|VAZQUEZ DE CORONADO|SAN ISIDRO,12313
CARTAGO|LA UNION|SAN RAMON,3567
SAN JOSE|TIBAS|SAN JUAN,15017
LIMON|POCOCI|LLANO BONITO,1667
PUNTARENAS|BUENOS AIRES|COLORADO,564
PUNTARENAS|MONTES DE ORO|SANTA ROSA,1379
SAN JOSE|CURRIDABAT|JOSE MARIA ZELEDON,5063
SAN JOSE|TARRAZU|SAN LORENZO,2339
ALAJUELA|CENTRAL|SAN JOSE,9842
SAN JOSE|ESCAZU|ESCAZU,12626
SAN JOSE|CENTRAL|HATILLO 8,15731
LIMON|POCOCI|CAMPO CINCO (SEMILLERO),3567
GUANACASTE|NANDAYURE|HLE. SAGRADO CORAZON DE JESUS,16
CONSULADO|COLOMBIA|BOGOTA,929
CARTAGO|OREAMUNO|POTRERO CERRADO,1010
SAN JOSE|CENTRAL|GONZALEZ VIQUEZ,6660
SAN JOSE|SANTA ANA|HONDURAS,1346
SAN JOSE|CURRIDABAT|CURRIDABAT,11653
CARTAGO|CENTRAL|CORRALILLO,1574
LIMON|POCOCI|JIMENEZ,4222
PUNTARENAS|CORREDORES|NEILY,6716
SAN JOSE|ASERRI|MONTERREY,586
PUNTARENAS|CENTRAL|LAGARTO SUR,747
PUNTARENAS|GARABITO|TARCOLES,1212
CARTAGO|LA UNION|SAN RAFAEL,5291
GUANACASTE|NICOYA|NICOYA,8540
SAN JOSE|PEREZ ZELEDON|ZAPOTE,303
SAN JOSE|ACOSTA|CEIBA ESTE,422
LIMON|CENTRAL|SAN JUAN,3026
GUANACASTE|TILARAN|TILARAN,7282
ALAJUELA|CENTRAL|INVU LOS RODRIGUEZ,7684
SAN JOSE|ACOSTA|CANGREJAL,495
ALAJUELA|CENTRAL|RIO SEGUNDO (SANTIAGO ESTE),4546
PUNTARENAS|CORREDORES|BELLA LUZ,1269
GUANACASTE|ABANGARES|HLE. SAN JORGE,19
SAN JOSE|LEON CORTES CASTRO|SAN ANTONIO,568
ALAJUELA|UPALA|BIJAGUA,2491
HEREDIA|CENTRAL|MERCEDES SUR,10962
HEREDIA|CENTRAL|BERNARDO BENAVIDES (INVU),4593
SAN JOSE|DESAMPARADOS|SAN MIGUEL,9226
SAN JOSE|CENTRAL|PERPETUO SOCORRO,4146
SAN JOSE|DESAMPARADOS|SAN JERONIMO,6556
SAN JOSE|PEREZ ZELEDON|LOS ANGELES DE LIGIA,4742
SAN JOSE|PEREZ ZELEDON|MERCEDES,1809
PUNTARENAS|BUENOS AIRES|BUENOS AIRES,7271
SAN JOSE|PEREZ ZELEDON|CEIBO ARRIBA,166
SAN JOSE|PURISCAL|GUARUMAL,192
SAN JOSE|CENTRAL|CORDOBA,5248
CARTAGO|CENTRAL|SAN FRANCISCO,8844
SAN JOSE|PEREZ ZELEDON|SAN PEDRO,1418
LIMON|SIQUIRRES|SAN MARTIN,8538
HEREDIA|SAN RAFAEL|CONCEPCION,3825
PUNTARENAS|BUENOS AIRES|SANTA CRUZ,3973
CARTAGO|LA UNION|SAN JUAN,3767
SAN JOSE|CURRIDABAT|GRANADILLA,10456
SAN JOSE|PEREZ ZELEDON|TIERRA PROMETIDA,836
HEREDIA|BELEN|SAN ANTONIO,8832
CARTAGO|EL GUARCO|EL TEJAR,11169
ALAJUELA|SAN CARLOS|SAN PEDRO DE LA TIGRA,1904
HEREDIA|CENTRAL|SAN FRANCISCO,15618
PUNTARENAS|PARRITA|PROYECTO LA LOMA ARRIBA,2405
ALAJUELA|SAN CARLOS|HLE. SAN VICENTE DE PAUL,46
PUNTARENAS|PARRITA|SARDINAL SUR,179
SAN JOSE|PEREZ ZELEDON|EL HOYON,1623
SAN JOSE|LEON CORTES CASTRO|LLANO BONITO (SAN RAFAEL ARRIBA),714
SAN JOSE|CENTRAL|PITAHAYA,1597
PUNTARENAS|QUEPOS|QUEPOS,4406
SAN JOSE|PEREZ ZELEDON|CARMEN O CAJON,2990
HEREDIA|BELEN|LA RIBERA,6772
SAN JOSE|PURISCAL|BARBACOAS (SAN ISIDRO),1401
HEREDIA|SANTO DOMINGO|SANTO DOMINGO,7609
SAN JOSE|PURISCAL|CANDELARITA,786
SAN JOSE|CENTRAL|COLONIA 15 DE SETIEMBRE,5138
SAN JOSE|SANTA ANA|SAN RAFAEL,1835
SAN JOSE|PEREZ ZELEDON|CHINA KICHA,324
SAN JOSE|PEREZ ZELEDON|PUEBLO NUEVO,837
SAN JOSE|VAZQUEZ DE CORONADO|SAN ANTONIO,17502
PUNTARENAS|CENTRAL|EL COCAL,1905
CARTAGO|CENTRAL|LA LIMA,3365
SAN JOSE|PEREZ ZELEDON|VILLA LIGIA,4148
SAN JOSE|MORAVIA|SAN JERONIMO,2508
SAN JOSE|ASERRI|POAS,5929
SAN JOSE|CENTRAL|NACIONES UNIDAS,1846
SAN JOSE|PEREZ ZELEDON|GENERAL VIEJO,1363
CARTAGO|JIMENEZ|ORIENTE,208
SAN JOSE|ALAJUELITA|TEJARCILLOS (JUAN RAFAEL MORA),4297
ALAJUELA|SAN RAMON|LA ESPERANZA,825
PUNTARENAS|OSA|PALMAR SUR,1658
SAN JOSE|VAZQUEZ DE CORONADO|CORAZON DE JESUS,3981
ALAJUELA|CENTRAL|CONCEPCION O EL LLANO,10671
CARTAGO|LA UNION|SAN DIEGO,7631
SAN JOSE|PEREZ ZELEDON|SAN PABLO,1128
HEREDIA|SANTO DOMINGO|SANTO TOMAS,4366
SAN JOSE|PEREZ ZELEDON|MORAZAN,1680
PUNTARENAS|CORREDORES|COLONIA LIBERTAD (KM 31),436
ALAJUELA|CENTRAL|EL CARMEN,5857
CARTAGO|CENTRAL|ORIENTAL,13239
SAN JOSE|PEREZ ZELEDON|SAN MIGUEL,264
HEREDIA|CENTRAL|LOS LAGOS,3906
SAN JOSE|ASERRI|SAN GABRIEL,3347
SAN JOSE|ACOSTA|LA CRUZ,407
LIMON|POCOCI|FLORES (UNION),672
SAN JOSE|PEREZ ZELEDON|SINAI,3704
ALAJUELA|POAS|CARRILLOS BAJO,4644
SAN JOSE|DESAMPARADOS|SAN RAFAEL ABAJO,11195
LIMON|POCOCI|SAN GERARDO,545
SAN JOSE|ASERRI|CEDRAL,285
LIMON|CENTRAL|PENSHURT,1051
HEREDIA|SAN ISIDRO|SAN FRANCISCO,1934
SAN JOSE|VAZQUEZ DE CORONADO|JESUS O DULCE NOMBRE,10390
SAN JOSE|TIBAS|CINCO ESQUINAS,7693
PUNTARENAS|COTO BRUS|AGUABUENA,2619
ALAJUELA|SARCHI|SARCHI SUR,4640
CARTAGO|LA UNION|TRES RIOS,11930
SAN JOSE|DESAMPARADOS|GRAVILIAS,7309
SAN JOSE|LEON CORTES CASTRO|SANTA CRUZ,877
SAN JOSE|PEREZ ZELEDON|INVU PEDRO PEREZ,1770
SAN JOSE|DESAMPARADOS|SAN JUAN DE DIOS,13651
PUNTARENAS|CENTRAL|ARANJUEZ,693
LIMON|GUACIMO|LAS COLINAS,163
SAN JOSE|DESAMPARADOS|PATARRA,3591
CARTAGO|TURRIALBA|TURRIALBA,4971
SAN JOSE|PURISCAL|POZOS,937
SAN JOSE|PEREZ ZELEDON|SAN CAYETANO (RIO NUEVO),262
PUNTARENAS|CENTRAL|EL ROBLE,7117
HEREDIA|SANTA BARBARA|SANTA BARBARA,7029
SAN JOSE|MORAVIA|HLE. CASA NAZARETH,28
SAN JOSE|PURISCAL|FLORALIA,353
CARTAGO|LA UNION|LINDA VISTA,3091
SAN JOSE|PEREZ ZELEDON|PEDREGOSO,1923
SAN JOSE|ACOSTA|SAN IGNACIO,4257
SAN JOSE|PEREZ ZELEDON|HLE. MONS.DELFIN QUESADA CASTRO,68
SAN JOSE|MONTES DE OCA|BETANIA,2732
SAN JOSE|GOICOECHEA|LOS ANGELES,6619
SAN JOSE|PURISCAL|SAN ANTONIO,3153
LIMON|POCOCI|RITA,5748
ALAJUELA|ATENAS|HLE. HORTENSIA RODRIGUEZ S.DE B,46
SAN JOSE|MONTES DE OCA|CEDROS,3698
SAN JOSE|PEREZ ZELEDON|QUIZARRA (PARTE ESTE),500
SAN JOSE|CENTRAL|SAGRADA FAMILIA,6492
PUNTARENAS|COTO BRUS|LA ISLA,649
SAN JOSE|PEREZ ZELEDON|SAN RAFAEL NORTE DE SAN ISIDRO,958
PUNTARENAS|CORREDORES|CARMEN (COLORADITO NORTE),1717
SAN JOSE|PEREZ ZELEDON|CHIMIROL,922
SAN JOSE|DESAMPARADOS|CALLE FALLAS,14521
ALAJUELA|SAN CARLOS|ABUNDANCIA,1237
SAN JOSE|PEREZ ZELEDON|SANTA ELENA,728
SAN JOSE|ALAJUELITA|AURORA,9600
SAN JOSE|PEREZ ZELEDON|SANTA TERESA,781
GUANACASTE|LIBERIA|HLE. LIBERIA,26
CONSULADO|HONDURAS|TEGUCIGALPA,310
ALAJUELA|SAN RAMON|SAN RAFAEL,4121
GUANACASTE|NANDAYURE|SAN FRANCISCO DE COYOTE,509
SAN JOSE|VAZQUEZ DE CORONADO|CASCAJAL,853
ALAJUELA|OROTINA|COYOLAR,2104
CARTAGO|LA UNION|SANTIAGO DEL MONTE,6251
CONSULADO|ESPAÑA|MADRID,1450
SAN JOSE|VAZQUEZ DE CORONADO|SAN PEDRO,4873
CONSULADO|REINO UNIDO|LONDRES,565
ALAJUELA|CENTRAL|ALAJUELA,5784
CARTAGO|JIMENEZ|JUAN VIÑAS,2916
SAN JOSE|PURISCAL|CARIT,784
SAN JOSE|ASERRI|ALTO AGUACATE,105
LIMON|POCOCI|CARIARI (CAMPO KENNEDY),8816
PUNTARENAS|BUENOS AIRES|VOLCAN,1332
SAN JOSE|TURRUBARES|EL BARRO,638
CONSULADO|ESTADOS UNIDOS|NUEVA YORK,14230
SAN JOSE|ESCAZU|BELO HORIZONTE NORTE,4450
SAN JOSE|ASERRI|HLE. SAN FRANCISCO DE ASIS,23
SAN JOSE|PEREZ ZELEDON|LA REPUNTA,2517
ALAJUELA|SAN CARLOS|EL CONCHO,344
SAN JOSE|TIBAS|COLIMA,4268
LIMON|POCOCI|SUERRE,1552
LIMON|POCOCI|SECTOR 8 (SAN GERARDO),1640
SAN JOSE|TARRAZU|HLE. LOS SANTOS,54
CARTAGO|JIMENEZ|PEJIBAYE,2151
SAN JOSE|PEREZ ZELEDON|LA ESE,350
SAN JOSE|PEREZ ZELEDON|SAN RAMON NORTE,547
LIMON|CENTRAL|LIMON,6321
SAN JOSE|VAZQUEZ DE CORONADO|LAS NUBES,1024
HEREDIA|SANTA BARBARA|SAN BOSCO,2318
LIMON|POCOCI|PORVENIR,750
SAN JOSE|CURRIDABAT|SANCHEZ,5566
SAN JOSE|PEREZ ZELEDON|SANTIAGO,724
SAN JOSE|LEON CORTES CASTRO|SAN FRANCISCO,261
SAN JOSE|DESAMPARADOS|EL LLANO,3545
SAN JOSE|PEREZ ZELEDON|SAGRADA FAMILIA,2976
PUNTARENAS|GARABITO|JACO,4653
PUNTARENAS|GARABITO|POCHOTAL,258
PUNTARENAS|GOLFITO|CONTE DE PAVON,921
SAN JOSE|ASERRI|LAGUNA (BAJO BIJAGUAL),208
LIMON|POCOCI|HLE. CARIARI,66
LIMON|CENTRAL|LA COLINA,6928
PUNTARENAS|CENTRAL|LEPANTO,873
ALAJUELA|ATENAS|ATENAS,4813
SAN JOSE|PURISCAL|PIEDADES,904
SAN JOSE|PEREZ ZELEDON|SAN GABRIEL,337
SAN JOSE|TARRAZU|GUADALUPE,1191
PUNTARENAS|COTO BRUS|LIMONCITO DEL OESTE,195
SAN JOSE|ACOSTA|CHIRRACA (PARTE ESTE),1013
PUNTARENAS|BUENOS AIRES|LA LUCHA,431
SAN JOSE|ACOSTA|SABANILLAS,718
HEREDIA|SAN ISIDRO|HLE. SEÑORA DE LOS ANGELES,66
SAN JOSE|ALAJUELITA|CONCEPCION ARRIBA,4603
LIMON|CENTRAL|SAN ANDRES,1875
HEREDIA|SARAPIQUI|COLONIA VICTORIA,2589
SAN JOSE|ASERRI|JOCOTAL ABAJO,218
ALAJUELA|CENTRAL|TUETAL NORTE (PARTE),2944
CARTAGO|OREAMUNO|SAN RAFAEL,12930
PUNTARENAS|CORREDORES|HLE. NEILY,33
ALAJUELA|SAN CARLOS|AGUAS ZARCAS,8533
PUNTARENAS|COTO BRUS|SAN RAFAEL DE LIMONCITO,383
SAN JOSE|MORA|PIEDRAS BLANCAS,607
ALAJUELA|CENTRAL|EL ARROYO,1890
SAN JOSE|TIBAS|LEON XIII,8027
SAN JOSE|PURISCAL|CERBATANA,1480
SAN JOSE|CENTRAL|PEREGRINA,3473
LIMON|TALAMANCA|HOME CREEK,2600
ALAJUELA|GRECIA|TACARES,2700
CARTAGO|TURRIALBA|SANTA ROSA,2236
SAN JOSE|MORA|MORADO,716
SAN JOSE|CENTRAL|HOSPITAL,1654
GUANACASTE|NICOYA|CAIMITAL,919
HEREDIA|SANTO DOMINGO|SAN VICENTE,5019
SAN JOSE|DOTA|SAN GERARDO,128
PUNTARENAS|CORREDORES|LAUREL,2592
HEREDIA|CENTRAL|BARREAL (SAN JOSE),7470
SAN JOSE|PURISCAL|SANTA CECILIA,687
ALAJUELA|CENTRAL|DULCE NOMBRE O LAS ANIMAS,1610
PUNTARENAS|QUEPOS|VILLANUEVA,611
PUNTARENAS|OSA|SINAI,93
SAN JOSE|MORA|CORROGRES (LA FILA EL CARMEN),1444
SAN JOSE|ALAJUELITA|SAN FELIPE,5874
HEREDIA|SAN RAFAEL|SAN JOSECITO,8179
ALAJUELA|CENTRAL|TURRUCARES,4066
LIMON|POCOCI|ANITA GRANDE,1156
LIMON|POCOCI|PROGRESO,3626
SAN JOSE|MORA|CORRALAR,362
SAN JOSE|ACOSTA|TABLAZO,1126
SAN JOSE|PEREZ ZELEDON|RIVAS,1383
ALAJUELA|SAN CARLOS|SANTA ROSA DE POCOSOL,5025
PUNTARENAS|COTO BRUS|PALMIRA,381
SAN JOSE|CENTRAL|CORAZON DE JESUS,939
CONSULADO|EL SALVADOR|SAN SALVADOR,381
LIMON|MATINA|CUBA CREEK (RIO CUBA),2950
GUANACASTE|TILARAN|TRONADORA,1227
HEREDIA|SARAPIQUI|FINCA CINCO (CHIRRIPO),545
SAN JOSE|GOICOECHEA|IPIS ABAJO,5709
SAN JOSE|MORA|BAJO DE JORCO (PARTE OESTE),78
PUNTARENAS|OSA|GUARIA,328
SAN JOSE|DOTA|COPEY,568
SAN JOSE|GOICOECHEA|VISTA DE MAR,2604
HEREDIA|BARVA|SANTA LUCIA,5971
SAN JOSE|TURRUBARES|BIJAGUAL,438
PUNTARENAS|QUEPOS|NARANJITO,1125
HEREDIA|SAN PABLO|SAN PABLO,17510
SAN JOSE|TIBAS|CUATRO REINAS,6389
CARTAGO|TURRIALBA|SANTA TERESITA (LAJAS),1259
SAN JOSE|PEREZ ZELEDON|COOPERATIVA,3019
SAN JOSE|PEREZ ZELEDON|TAMBOR,479
PUNTARENAS|PARRITA|LOS ANGELES,896
ALAJUELA|CENTRAL|SAN MARTIN,2468
HEREDIA|FLORES|SAN LORENZO,3069
SAN JOSE|PEREZ ZELEDON|PALMARES,3662
HEREDIA|SANTA BARBARA|BIRRI,3592
SAN JOSE|PEREZ ZELEDON|PACUARITO,323
SAN JOSE|PURISCAL|MERCEDES SUR,590
SAN JOSE|SANTA ANA|SALITRAL,2834
ALAJUELA|GRECIA|HLE. JAFETH JIMENEZ MORALES,89
HEREDIA|BARVA|SAN JOSE DE LA MONTAÑA,3724
ALAJUELA|SAN CARLOS|COOPEVEGA,664
PUNTARENAS|CENTRAL|BARRANCA,10185
SAN JOSE|PEREZ ZELEDON|EL LLANO,138
SAN JOSE|MORA|RODEO,356
GUANACASTE|SANTA CRUZ|ARADO,1456
ALAJUELA|NARANJO|NARANJO,8130
SAN JOSE|ACOSTA|OCOCA,807
ALAJUELA|CENTRAL|CANOAS,10220
SAN JOSE|SANTA ANA|LAGOS DE LINDORA,1601
PUNTARENAS|OSA|PALMAR NORTE,3258
SAN JOSE|PEREZ ZELEDON|SAN RAMON SUR,1603
SAN JOSE|PEREZ ZELEDON|DANIEL FLORES,1190
PUNTARENAS|CENTRAL|SAN RAMON DE RIO BLANCO,70
HEREDIA|SANTA BARBARA|SAN JUAN ABAJO,5698
SAN JOSE|PEREZ ZELEDON|BAIDAMBU,2154
HEREDIA|SAN RAFAEL|SAN RAFAEL,9786
SAN JOSE|LEON CORTES CASTRO|SAN ANDRES,815
PUNTARENAS|CENTRAL|CARMEN LIRA,449
SAN JOSE|PURISCAL|GAMALOTILLO,284
SAN JOSE|PEREZ ZELEDON|VALENCIA,184
SAN JOSE|PEREZ ZELEDON|MOLLEJONES,940
SAN JOSE|PEREZ ZELEDON|COCORI,2662
SAN JOSE|PURISCAL|LA GLORIA,667
SAN JOSE|ACOSTA|GUAITIL,632
ALAJUELA|CENTRAL|CACIQUE,2326
CARTAGO|EL GUARCO|CAÑON (PARTE NORTE),933
SAN JOSE|PEREZ ZELEDON|PEJIBAYE,1466
PUNTARENAS|COTO BRUS|SAN VITO,3281
SAN JOSE|CURRIDABAT|LA LIA O INMACULADA,3881
SAN JOSE|DESAMPARADOS|MANZANO (MANZANILLO),181
PUNTARENAS|OSA|OLLA CERO O SANTA EDUVIGIS,376
PUNTARENAS|PARRITA|PORVENIR O LAS VEGAS,418
SAN JOSE|DESAMPARADOS|LOS GUIDO,13914
PUNTARENAS|COTO BRUS|SAN GERARDO,122
SAN JOSE|PEREZ ZELEDON|LA HERMOSA,616
SAN JOSE|PEREZ ZELEDON|BUENA VISTA,340
SAN JOSE|CURRIDABAT|HLE. CURRIDABAT,32
CARTAGO|CENTRAL|OCCIDENTAL,9373
SAN JOSE|ESCAZU|GUACHIPELIN (SAN GABRIEL),6808
SAN JOSE|DESAMPARADOS|FRAILES,1952
GUANACASTE|ABANGARES|LA CONCHA (CONCEPCION),212
PUNTARENAS|MONTES DE ORO|MIRAMAR,4950
SAN JOSE|PEREZ ZELEDON|CANDELARIA O ANGOSTURA,728
SAN JOSE|MORA|PIEDRAS NEGRAS,277
LIMON|TALAMANCA|SIXAOLA,1609
CARTAGO|LA UNION|SALITRILLO,791
LIMON|CENTRAL|PUEBLO NUEVO O JAMAICA,4687
CONSULADO|ESTADOS UNIDOS|MIAMI,5536
LIMON|POCOCI|BELLA VISTA,800
SAN JOSE|ASERRI|LEGUA,604
PUNTARENAS|CENTRAL|CONCEPCION,161
ALAJUELA|PALMARES|BUENOS AIRES,5607
SAN JOSE|PEREZ ZELEDON|SANTA LUCIA (SANTA LUISA),228
SAN JOSE|TURRUBARES|SAN FRANCISCO,213
PUNTARENAS|BUENOS AIRES|CONVENTO,603
SAN JOSE|ASERRI|VUELTA DE JORCO,3561
SAN JOSE|PURISCAL|GRIFO BAJO,148
PUNTARENAS|QUEPOS|HLE. QUEPOS,24
SAN JOSE|MORA|GUAYABO,1999
CARTAGO|LA UNION|SAN FRANCISCO,2026
LIMON|CENTRAL|BEVERLEY,1458
HEREDIA|BARVA|BARVA,6041
SAN JOSE|PEREZ ZELEDON|PAVONES,1528
ALAJUELA|SAN RAMON|SAN RAMON,11772
PUNTARENAS|GARABITO|QUEBRADA GANADO,2096
ALAJUELA|SAN CARLOS|SANTO DOMINGO,1712
SAN JOSE|PURISCAL|CORTEZAL,418
LIMON|POCOCI|SAN MARTIN,1408
SAN JOSE|TARRAZU|RODEO NORTE,1248
LIMON|POCOCI|CAMPO DOS,978
PUNTARENAS|GOLFITO|LA PALMA O INDEPENDENCIA,2141
LIMON|CENTRAL|CRISTOBAL COLON,4381
ALAJUELA|CENTRAL|CINCO ESQUINAS,1012
ALAJUELA|CENTRAL|VILLA HELIA (FINCA HELIA),989
HEREDIA|SAN ISIDRO|CONCEPCION,1559
ALAJUELA|OROTINA|NUEVA SANTA RITA,2054
CONSULADO|GUATEMALA|GUATEMALA,605
HEREDIA|SANTA BARBARA|JESUS,2984
PUNTARENAS|PARRITA|SAN ISIDRO DE PLAYON,184
SAN JOSE|ACOSTA|ZONCUANO,103
LIMON|POCOCI|ROXANA,4357
GUANACASTE|CARRILLO|PANAMA O CACIQUE,493
HEREDIA|SAN RAFAEL|LOS ANGELES,4879
PUNTARENAS|CENTRAL|SARDINAL DE ACAPULCO,976
SAN JOSE|PEREZ ZELEDON|MIRAFLORES,418
HEREDIA|SANTO DOMINGO|PARACITO,2275
CONSULADO|ESTADOS UNIDOS|WASHINGTON,2643
CARTAGO|EL GUARCO|TOBOSI,4184
SAN JOSE|ACOSTA|AGUA BLANCA (PARTE NORTE),596
PUNTARENAS|PARRITA|SAN RAFAEL NORTE (RIO SECO),479
LIMON|SIQUIRRES|FINCA IMPERIO 2,973
ALAJUELA|SAN RAMON|SAN ISIDRO,2123
PUNTARENAS|BUENOS AIRES|BAJO LAS BRISAS,904
ALAJUELA|SARCHI|SAN PEDRO,1597
SAN JOSE|MORAVIA|LA ISLA,3752
ALAJUELA|CENTRAL|RINCON DE HERRERA,2619
SAN JOSE|ACOSTA|BIJAGUAL,251
SAN JOSE|PEREZ ZELEDON|BONITA,1147
SAN JOSE|DOTA|LA CIMA,340
PUNTARENAS|PARRITA|PLAYON SUR,404
SAN JOSE|ALAJUELITA|SAN ANTONIO O EL LLANO,1681
PUNTARENAS|CENTRAL|PUNTARENAS,2292
PUNTARENAS|COTO BRUS|SABALITO,3894
GUANACASTE|HOJANCHA|HOJANCHA,2445
PUNTARENAS|CENTRAL|CABO BLANCO DEL GOLFO,403
PUNTARENAS|QUEPOS|LA INMACULADA,4171
PUNTARENAS|PARRITA|VALLE VASCONIA (BARRO),239
SAN JOSE|TARRAZU|ZAPOTAL,195
LIMON|POCOCI|GUAPILES,14470
CONSULADO|PANAMA|CIUDAD DE PANAMA,1051
ALAJUELA|CENTRAL|LAS PILAS,1187
ALAJUELA|CENTRAL|PACTO DEL JOCOTE,12244
GUANACASTE|SANTA CRUZ|SANTA CRUZ,12195
SAN JOSE|DESAMPARADOS|EL PORVENIR,5756
CARTAGO|CENTRAL|SAN ISIDRO O EL ALUMBRE,728
ALAJUELA|SAN CARLOS|SAN FRANCISCO O LA AQUILEA,786
LIMON|POCOCI|LA TERESA,1389
CARTAGO|CENTRAL|LOURDES,3404
PUNTARENAS|GOLFITO|GOLFITO,3883
PUNTARENAS|COTO BRUS|LAS MELLIZAS,576
CARTAGO|CENTRAL|SAN JUAN NORTE,595
LIMON|POCOCI|ASTUA PIRIE,4158
SAN JOSE|ACOSTA|HLE. ACOSTA,29
HEREDIA|SARAPIQUI|LAS HORQUETAS,2948
SAN JOSE|PEREZ ZELEDON|SAN FRANCISCO,866
PUNTARENAS|CORREDORES|BARRIO SAN JORGE,2834
GUANACASTE|SANTA CRUZ|LIMON,759
ALAJUELA|SAN CARLOS|QUESADA,7112
LIMON|TALAMANCA|PARAISO,1819
SAN JOSE|PURISCAL|SAN RAFAEL ARRIBA,1035
SAN JOSE|DESAMPARADOS|SAN CRISTOBAL NORTE,915
LIMON|CENTRAL|CONCEPCION,689
PUNTARENAS|CENTRAL|RIO NEGRO,271
HEREDIA|CENTRAL|GUARARI,12032
SAN JOSE|PEREZ ZELEDON|SAN ANDRES,3121
SAN JOSE|PURISCAL|BOCANA,104
HEREDIA|FLORES|SAN JOAQUIN,9193
ALAJUELA|SARCHI|BAJOS DEL TORO,176
ALAJUELA|CENTRAL|RINCON CHIQUITO,3022
SAN JOSE|GOICOECHEA|SAN FRANCISCO,1999
SAN JOSE|PEREZ ZELEDON|LA PIEDRA DE RIVAS,295
PUNTARENAS|BUENOS AIRES|CAÑAS,351
SAN JOSE|PEREZ ZELEDON|FATIMA,819
SAN JOSE|MORA|BRASIL,2263
SAN JOSE|TARRAZU|SAN CARLOS,911
HEREDIA|SANTO DOMINGO|LOS ANGELES,3126
SAN JOSE|LEON CORTES CASTRO|SAN ISIDRO,881
CARTAGO|TURRIALBA|SAUCE,634
CARTAGO|CENTRAL|HLE. ASILO DE LA VEJEZ,62
ALAJUELA|CENTRAL|MONTECILLOS (PARTE NORTE),4810
CARTAGO|LA UNION|EL CARMEN,2825
SAN JOSE|PEREZ ZELEDON|SANTA ROSA,938
CARTAGO|CENTRAL|SAN NICOLAS,6766
ALAJUELA|SAN CARLOS|SAN GERARDO,1032
PUNTARENAS|COTO BRUS|LA ADMINISTRACION (GUTIERREZ BRAUN,728
PUNTARENAS|OSA|CORONADO,840
LIMON|MATINA|LINEA B,1022
SAN JOSE|PEREZ ZELEDON|LOS CHILES,3348
LIMON|MATINA|ZENT,1431
CARTAGO|LA UNION|RIO AZUL,2923
ALAJUELA|CENTRAL|DESAMPARADOS,11595
ALAJUELA|PALMARES|ESQUIPULAS,5022
ALAJUELA|CENTRAL|LAS VUELTAS,1559
LIMON|POCOCI|CEDRAL,323
PUNTARENAS|CENTRAL|COBANO,3012
PUNTARENAS|CENTRAL|COROZAL,715
SAN JOSE|TURRUBARES|SAN ANTONIO DE TULIN,324
LIMON|GUACIMO|POCORA PARTE SUR,1761
SAN JOSE|PEREZ ZELEDON|CONCEPCION (PARTE ESTE),611
PUNTARENAS|PARRITA|EL TIGRE,1284
SAN JOSE|ACOSTA|COYOLAR,85
ALAJUELA|OROTINA|CUATRO ESQUINAS NORTE,1076
CONSULADO|NICARAGUA|MANAGUA,1164
PUNTARENAS|QUEPOS|SAN RAFAEL (CERROS),1024
SAN JOSE|PEREZ ZELEDON|CALLE MORAS,529
HEREDIA|SAN ISIDRO|SANTA ELENA,976
HEREDIA|FLORES|LLORENTE,5813
HEREDIA|SAN RAFAEL|SANTIAGO,4687
GUANACASTE|TILARAN|TIERRAS MORENAS,619
SAN JOSE|PEREZ ZELEDON|VILLANUEVA DE PEDREGOSO,819
PUNTARENAS|QUEPOS|LONDRES,856
LIMON|SIQUIRRES|MARYLAND,934
SAN JOSE|PEREZ ZELEDON|SAN RAFAEL DE SAN PEDRO,601
SAN JOSE|LEON CORTES CASTRO|SAN PABLO,2863
LIMON|POCOCI|SAN RAFAEL,3655
HEREDIA|SARAPIQUI|HUETARES,578
PUNTARENAS|CENTRAL|HLE. MARIA INMACULADA,34
ALAJUELA|NARANJO|SAN JOSE (SAN JUANILLO),1253
PUNTARENAS|COTO BRUS|BARRIO CANADA,1556
HEREDIA|SANTO DOMINGO|SAN LUIS,2777
ALAJUELA|LOS CHILES|MEDIO QUESO,462
ALAJUELA|GRECIA|RINCON DE ARIAS,2591
CARTAGO|CENTRAL|QUEBRADILLA,3865
LIMON|SIQUIRRES|ALEGRIA,1677
SAN JOSE|PEREZ ZELEDON|SAN CARLOS,380
LIMON|POCOCI|SAN ANTONIO (EL HUMO),2702
HEREDIA|SAN ISIDRO|SAN ISIDRO,8283
SAN JOSE|PEREZ ZELEDON|LA LINDA,461
LIMON|POCOCI|SAN PEDRO,1774
PUNTARENAS|OSA|DOMINICALITO,733
LIMON|SIQUIRRES|SAN ALEJO SANTA MARTA,814
PUNTARENAS|QUEPOS|PAQUITA,1155
SAN JOSE|TURRUBARES|POTENCIANA ARRIBA,75
PUNTARENAS|QUEPOS|CERRITOS,332
SAN JOSE|ASERRI|TARBACA O PRAGA,1400
CARTAGO|TURRIALBA|LA SUIZA,3622
SAN JOSE|ACOSTA|CASPIROLA,106
ALAJUELA|SAN CARLOS|CARMEN,3111
SAN JOSE|PEREZ ZELEDON|RIO QUEBRADAS ARRIBA,39
SAN JOSE|PEREZ ZELEDON|ROSARIO O ARRONIS,544
SAN JOSE|DESAMPARADOS|JERICO,1027
GUANACASTE|CARRILLO|FILADELFIA,5171
HEREDIA|SARAPIQUI|SAN JULIAN,407
SAN JOSE|PURISCAL|JILGUERAL,172
LIMON|POCOCI|SANTA ROSA,456
PUNTARENAS|BUENOS AIRES|GUAGARAL,236
CONSULADO|ITALIA|ROMA,429
SAN JOSE|PEREZ ZELEDON|LA PALMA,1258
PUNTARENAS|GOLFITO|KILOMETRO 20,518
HEREDIA|BARVA|SAN PABLO,4506
SAN JOSE|DESAMPARADOS|SAN LORENZO,6680
SAN JOSE|CENTRAL|LA CARPIO,6363
SAN JOSE|TURRUBARES|SAN RAFAEL,76
ALAJUELA|CENTRAL|TACACORI,1774
LIMON|POCOCI|LA MARINA,881
PUNTARENAS|OSA|FINCA SEIS-ONCE,1165
SAN JOSE|TURRUBARES|SAN PEDRO,522
SAN JOSE|MORA|BAJO DE LOAIZA (SAN LORENZO),239
ALAJUELA|ZARCERO|HLE. SAN RAFAEL,30
ALAJUELA|SAN CARLOS|MUELLE DE SAN CARLOS,1025
SAN JOSE|DESAMPARADOS|BUSTAMANTE O ALCIRA,923
ALAJUELA|SAN MATEO|SAN MATEO,1728
PUNTARENAS|OSA|PIEDRAS BLANCAS,1253
LIMON|GUACIMO|RIO JIMENEZ (BALSAVILLE),5271
PUNTARENAS|BUENOS AIRES|NARANJOS,245
SAN JOSE|TURRUBARES|SAN JUAN DE MATA,421
LIMON|MATINA|CORINA,544
ALAJUELA|SAN CARLOS|LA TIGRA,1661
SAN JOSE|DESAMPARADOS|HLE. OFELIA CARVAJAL DE NARANJO,69
SAN JOSE|PEREZ ZELEDON|MESAS,978
ALAJUELA|SAN RAMON|SECTOR LOS ANGELES,752
CARTAGO|PARAISO|LLANOS DE SANTA LUCIA,12224
SAN JOSE|PEREZ ZELEDON|PILAR,1202
PUNTARENAS|OSA|RIYITO DE SIERPE,98
SAN JOSE|LEON CORTES CASTRO|ANGOSTURA ABAJO,247
SAN JOSE|SANTA ANA|MATINILLA,403
GUANACASTE|NICOYA|QUIRIMAN,408
GUANACASTE|LIBERIA|QUEBRADA GRANDE O GARCIA FLAMENCO,1116
SAN JOSE|MORA|SAN ISIDRO DE CHUCAS (BALSILLA),47
SAN JOSE|MORAVIA|PLATANARES,2287
PUNTARENAS|BUENOS AIRES|POTRERO GRANDE,1174
SAN JOSE|LEON CORTES CASTRO|SAN RAFAEL ABAJO (BENEFICIO CAFE),322
SAN JOSE|PEREZ ZELEDON|CENIZA,784
PUNTARENAS|GOLFITO|LA FORTUNA DE COTO,86
GUANACASTE|NANDAYURE|CARMONA,1975
PUNTARENAS|PARRITA|PIRRIS,90
PUNTARENAS|OSA|RINCON DEL GOLFO,255
ALAJUELA|OROTINA|PARCELAS TRINIDAD (UVITA),694
SAN JOSE|DOTA|PROVIDENCIA,202
LIMON|CENTRAL|URBANIZACION PACUARE,5537
SAN JOSE|GOICOECHEA|CUADROS,6392
SAN JOSE|ASERRI|LIMONAL,309
PUNTARENAS|COTO BRUS|SABANILLA,589
HEREDIA|SARAPIQUI|LA VIRGEN,3122
SAN JOSE|PEREZ ZELEDON|SANTA EDUVIGIS,216
SAN JOSE|DESAMPARADOS|VIOLETA (RINCON MORALES),218
SAN JOSE|PEREZ ZELEDON|MIRAVALLES,652
ALAJUELA|CENTRAL|QUEBRADAS,1404
PUNTARENAS|CORREDORES|NARANJO,1805
ALAJUELA|CENTRAL|TAMBOR (SANTA ANA),2339
SAN JOSE|DESAMPARADOS|ROSARIO,1612
ALAJUELA|RIO CUARTO|SANTA RITA,1542
SAN JOSE|ACOSTA|BAJO DE JORCO (PARTE ESTE),376
GUANACASTE|ABANGARES|LAS JUNTAS,5119
LIMON|POCOCI|EL CEIBO,374
SAN JOSE|PEREZ ZELEDON|SAN CRISTOBAL O TINAMASTE,615
SAN JOSE|CURRIDABAT|CIUDADELA QUINCE DE AGOSTO,6164
PUNTARENAS|CORREDORES|LA CUESTA,3685
ALAJUELA|SAN CARLOS|EL TANQUE,1362
PUNTARENAS|GOLFITO|RIO CLARO,6527
PUNTARENAS|CENTRAL|BARRIO EL CARMEN,3346
HEREDIA|SAN PABLO|HLE.ALFRED Y DELIA GONZALEZ FLORES,51
SAN JOSE|DESAMPARADOS|SAN CRISTOBAL SUR,923
ALAJUELA|SAN RAMON|PIEDADES NORTE,1247
SAN JOSE|MORA|LLANO GRANDE,325
HEREDIA|SARAPIQUI|LA RAMBLA,590
CARTAGO|EL GUARCO|SAN ISIDRO,5594
SAN JOSE|TURRUBARES|MONTELIMAR (LOS SITIOS),298
ALAJUELA|GUATUSO|KATIRA,2341
SAN JOSE|PEREZ ZELEDON|TIRRA,242
HEREDIA|SARAPIQUI|FINCA DOS,1231
PUNTARENAS|BUENOS AIRES|EL CARMEN,670
SAN JOSE|PEREZ ZELEDON|SAN JERONIMO,470
SAN JOSE|MORA|JARIS,925
SAN JOSE|PEREZ ZELEDON|DESAMPARADOS,101
ALAJUELA|ATENAS|CONCEPCION,2273
LIMON|CENTRAL|PROGRESO,752
ALAJUELA|RIO CUARTO|LA ESPAÑOLITA,253
SAN JOSE|PURISCAL|CHARCON (RIO VIEJO),248
ALAJUELA|SAN CARLOS|LOS ANGELES,2832
SAN JOSE|PURISCAL|ZAPATON (SAN CARLOS),359
SAN JOSE|ESCAZU|HLE. MAGDALA,31
PUNTARENAS|PARRITA|SURUBRES,184
PUNTARENAS|GOLFITO|CARACOL NORTE (PARTE),139
GUANACASTE|NICOYA|SAN JOAQUIN,703
GUANACASTE|SANTA CRUZ|SAN JUANILLO,262
ALAJUELA|SAN CARLOS|BUENOS AIRES DE VENECIA,1060
PUNTARENAS|CORREDORES|FORTUNA,939
CARTAGO|OREAMUNO|ALTO CERRILLOS(CORAZON DE JESUS),4153
HEREDIA|CENTRAL|LAGUNILLA,5595
CARTAGO|CENTRAL|ALTO DE OCHOMOGO,2507
PUNTARENAS|BUENOS AIRES|EL PEJE,640
ALAJUELA|SAN CARLOS|SAHINO O SAN JORGE,649
ALAJUELA|SAN RAMON|VOLIO,1611
LIMON|CENTRAL|CORALES 2,5665
GUANACASTE|HOJANCHA|PUERTO CARRILLO,323
ALAJUELA|CENTRAL|PUEBLO NUEVO,4313
SAN JOSE|ALAJUELITA|LAMPARAS O CORAZON DE JESUS,466
SAN JOSE|PEREZ ZELEDON|SAN JUAN DE MIRAMAR (ALTO SN JUAN),211
ALAJUELA|SAN CARLOS|EL CORTE (SANTA ROSA),855
LIMON|POCOCI|TICABAN,1593
HEREDIA|SANTO DOMINGO|CASTILLA (EL CARMEN),1519
LIMON|SIQUIRRES|SIQUIRRES,7990
HEREDIA|SAN RAFAEL|SAN MIGUEL O PALMAR (ESTE),1942
CARTAGO|CENTRAL|EL CARMEN,7622
SAN JOSE|DESAMPARADOS|LA JOYA,173
HEREDIA|SARAPIQUI|RANCHO CHILAMATE,278
PUNTARENAS|PARRITA|BAMBU,76
HEREDIA|SANTO DOMINGO|SAN MIGUEL,3262
ALAJUELA|CENTRAL|SIQUIARES,262
ALAJUELA|SAN CARLOS|CERRO CORTES,861
SAN JOSE|DESAMPARADOS|HLE.C.G. MANANTIAL DE VIDA SAN RAF,30
SAN JOSE|ACOSTA|TOLEDO,173
LIMON|POCOCI|TORO AMARILLO,4534
ALAJUELA|NARANJO|CANDELARIA (BAJO CORRALES),2284
PUNTARENAS|CENTRAL|JICARAL,2574
PUNTARENAS|ESPARZA|ESPARZA,8867
ALAJUELA|CENTRAL|SAN ISIDRO,2075
ALAJUELA|LOS CHILES|PAVON,1910
SAN JOSE|MORA|BAJO DE BUSTAMANTE O ANGELES,157
SAN JOSE|ACOSTA|SAN LUIS,1687
PUNTARENAS|CENTRAL|LA TIGRA (BELLAVISTA),97
SAN JOSE|PEREZ ZELEDON|SAN RAFAEL DE PLATANARES,1390
ALAJUELA|SAN CARLOS|LOS CHILES,1870
LIMON|GUACIMO|ARGENTINA,653
PUNTARENAS|CORREDORES|BARRIO NUEVO DE VERACRUZ (COL.SUR),982
PUNTARENAS|COTO BRUS|CAMPO TRES,567
PUNTARENAS|CENTRAL|POCHOTE,217
SAN JOSE|PEREZ ZELEDON|AGUAS BUENAS,397
SAN JOSE|MORAVIA|LOS SITIOS,3486
PUNTARENAS|GOLFITO|LA MONA,2697
SAN JOSE|DESAMPARADOS|LAS LOMAS,962
SAN JOSE|LEON CORTES CASTRO|SANTA JUANA,108
SAN JOSE|DOTA|JARDIN,338
PUNTARENAS|ESPARZA|GUADALUPE O MARATON,144
ALAJUELA|PALMARES|PALMARES,4813
PUNTARENAS|CENTRAL|CHAGUITE,2839
LIMON|POCOCI|BUENOS AIRES,659
SAN JOSE|PEREZ ZELEDON|SAN JUAN DE DIOS O GUABO,354
CARTAGO|CENTRAL|SAN BLAS,6331
ALAJUELA|CENTRAL|CAI. ADULTO MAYOR,83
PUNTARENAS|CORREDORES|ABROJO NORTE(VEGAS ABRO N),645
HEREDIA|BARVA|SAN PEDRO,5935
SAN JOSE|SANTA ANA|LA MINA,807
SAN JOSE|PEREZ ZELEDON|SOCORRO,206
HEREDIA|SARAPIQUI|SAN BERNARDINO,435
ALAJUELA|POAS|CARRILLOS ALTO,2377
ALAJUELA|SAN RAMON|CHACHAGUA,2247
SAN JOSE|DESAMPARADOS|HLE. SAN CAYETANO,35
SAN JOSE|ASERRI|EL TIGRE,189
SAN JOSE|ASERRI|URUCA,519
CARTAGO|CENTRAL|LOMA LARGA,397
ALAJUELA|ATENAS|JESUS,1869
GUANACASTE|CAÑAS|LAS PALMAS,3615
ALAJUELA|POAS|GUATUZA,899
PUNTARENAS|BUENOS AIRES|JABILLO,367
PUNTARENAS|COTO BRUS|SAN MIGUEL DE LA FRONTERA,1228
ALAJUELA|NARANJO|SAN JUAN (ACEQUIA GRANDE),1572
SAN JOSE|ESCAZU|BEBEDERO O SAN FRANCISCO,684
CARTAGO|TURRIALBA|PAVONES,1132
SAN JOSE|PURISCAL|SANTA MARTA,359
SAN JOSE|TARRAZU|SAN JERONIMO,563
LIMON|GUACIMO|SANTA ROSA,1117
ALAJUELA|SAN CARLOS|PITAL,5999
CARTAGO|TURRIALBA|MARGOT,3069
SAN JOSE|PEREZ ZELEDON|HERRADURA,229
PUNTARENAS|COTO BRUS|SANTA ELENA,495
SAN JOSE|PURISCAL|DESAMPARADITOS,621
CARTAGO|CENTRAL|CABALLO BLANCO (SUR CARRETERA),3831
PUNTARENAS|GOLFITO|CAÑAZA DE JIMENEZ,1245
PUNTARENAS|COTO BRUS|LOURDES,1038
PUNTARENAS|PARRITA|CHIRRACA,94
PUNTARENAS|COTO BRUS|LA UNION DE LIMONCITO,399
LIMON|CENTRAL|GUARIA,1471
PUNTARENAS|PARRITA|PALO SECO,279
SAN JOSE|PURISCAL|SAN MIGUEL,147
PUNTARENAS|COTO BRUS|FILA MENDEZ,402
CARTAGO|EL GUARCO|BARRIO NUEVO,6603
ALAJUELA|CENTRAL|CACAO,4075
PUNTARENAS|CENTRAL|FRAY CASIANO DE MADRID,5969
ALAJUELA|CENTRAL|LOS ANGELES,1144
PUNTARENAS|COTO BRUS|PIEDRA PINTADA,623
PUNTARENAS|COTO BRUS|ROBLE,427
PUNTARENAS|CENTRAL|SAN MIGUEL DE RIO BLANCO,263
ALAJUELA|NARANJO|CAÑUELA ARRIBA,296
SAN JOSE|GOICOECHEA|RANCHO REDONDO,872
LIMON|POCOCI|LAS MERCEDES (NAJERA),1116
PUNTARENAS|COTO BRUS|AGUAS CLARAS,965
GUANACASTE|LIBERIA|BARRIO LA CRUZ,1483
PUNTARENAS|OSA|PUERTO CORTES,3291
GUANACASTE|LIBERIA|LIBERIA,6427
ALAJUELA|SAN CARLOS|FLORENCIA,3615
SAN JOSE|SANTA ANA|BRASIL,1831
CARTAGO|TURRIALBA|AQUIARES O LA ISLA,1207
SAN JOSE|PEREZ ZELEDON|BAJO ESPERANZA,270
PUNTARENAS|BUENOS AIRES|UJARRAS,1039
SAN JOSE|PEREZ ZELEDON|SIERRA,186
PUNTARENAS|QUEPOS|MATAPALO,671
PUNTARENAS|QUEPOS|MANUEL ANTONIO,1348
SAN JOSE|PEREZ ZELEDON|LA UNION DE SAN PEDRO,1270
CARTAGO|CENTRAL|SAN ANTONIO,823
SAN JOSE|PEREZ ZELEDON|RIO GRANDE,479
HEREDIA|BELEN|LA ASUNCION,4134
PUNTARENAS|CENTRAL|DOMINICAS,755
SAN JOSE|PEREZ ZELEDON|PEÑAS BLANCAS,1623
PUNTARENAS|QUEPOS|RONCADOR,598
LIMON|CENTRAL|BANANITO NORTE,1183
SAN JOSE|ACOSTA|TERUEL,310
LIMON|CENTRAL|VALLE DE LAS ROSAS,843
PUNTARENAS|QUEPOS|HATILLO VIEJO (SANTA MARTA),533
PUNTARENAS|BUENOS AIRES|BORUCA,1252
LIMON|SIQUIRRES|PORTON IBERIA,464
CARTAGO|OREAMUNO|BOSQUE,6150
CARTAGO|PARAISO|PARAISO,16575
CARTAGO|TURRIALBA|CHITARIA,668
GUANACASTE|BAGACES|BAGACES,5475
CARTAGO|LA UNION|SAN VICENTE,2376
HEREDIA|SARAPIQUI|RIO FRIO,3834
LIMON|POCOCI|LOS ANGELES,1594
CARTAGO|TURRIALBA|CARMEN LYRA,3334
PUNTARENAS|OSA|CHOCUACO ARRIBA,126
PUNTARENAS|GOLFITO|KILOMETRO 16,426
CARTAGO|TURRIALBA|AZUL,2311
GUANACASTE|SANTA CRUZ|FLORIDA,378
SAN JOSE|ACOSTA|LINDA VISTA,377
ALAJUELA|GRECIA|LOS LOTES (SAN VICENTE),732
LIMON|CENTRAL|LIMONCITO O BARRIO QUINTO,5648
LIMON|CENTRAL|LA COLONIA,713
CONSULADO|ALEMANIA|BERLIN,973
ALAJUELA|SAN MATEO|JESUS MARIA,886
LIMON|POCOCI|DIAMANTES,3407
SAN JOSE|PEREZ ZELEDON|PALMITAL,245
ALAJUELA|SAN RAMON|ANGOSTURA,170
ALAJUELA|CENTRAL|ITIQUIS,3351
LIMON|POCOCI|SAN BOSCO,902
PUNTARENAS|OSA|UVITA,2654
SAN JOSE|PEREZ ZELEDON|AGUILA ABAJO,537
SAN JOSE|PEREZ ZELEDON|CANAAN,276
GUANACASTE|LIBERIA|MORACIA,5483
SAN JOSE|ACOSTA|LAS LIMAS,73
PUNTARENAS|ESPARZA|MARAÑONAL (PARTE OESTE),2950
LIMON|SIQUIRRES|INDIANA TRES,857
SAN JOSE|LEON CORTES CASTRO|CARRIZALES,520
PUNTARENAS|PARRITA|VUELTA DE POCARES,190
CARTAGO|TURRIALBA|LAS AMERICAS,4830
ALAJUELA|SARCHI|SARCHI NORTE,5598
ALAJUELA|OROTINA|HLE. PRESBITERO JESUS MARIA VARGAS,33
GUANACASTE|NICOYA|GAMALOTAL,409
HEREDIA|SARAPIQUI|GUARIA,1801
HEREDIA|BARVA|SAN ROQUE,3233
LIMON|GUACIMO|SAN LUIS,1109
GUANACASTE|SANTA CRUZ|VILLARREAL,2749
CONSULADO|ESTADOS UNIDOS|HOUSTON,2762
SAN JOSE|PEREZ ZELEDON|VILLA ARGENTINA,401
PUNTARENAS|COTO BRUS|SANTA CLARA,398
ALAJUELA|GRECIA|LOS ANGELES DE BOLIVAR,2663
PUNTARENAS|OSA|LA NAVIDAD,316
SAN JOSE|ASERRI|TRANQUERILLAS,558
ALAJUELA|CENTRAL|SAN LUIS,1101
PUNTARENAS|GOLFITO|VIQUILLAS,848
PUNTARENAS|ESPARZA|EL BARON,532
SAN JOSE|MORA|SAN RAFAEL (CEDRAL),329
SAN JOSE|PEREZ ZELEDON|SAN AGUSTIN,167
ALAJUELA|CENTRAL|GUACIMA (SANTIAGO OESTE),5424
PUNTARENAS|QUEPOS|DOS BOCAS,86
PUNTARENAS|QUEPOS|SILENCIO,467
ALAJUELA|SAN RAMON|CONCEPCION,2027
PUNTARENAS|COTO BRUS|BAJO REYES,616
ALAJUELA|OROTINA|HACIENDA VIEJA,993
HEREDIA|SAN RAFAEL|MONTECITO,705
PUNTARENAS|COTO BRUS|SAN RAMON,688
PUNTARENAS|GARABITO|HERRADURA,3262
LIMON|SIQUIRRES|EL COCO,755
CARTAGO|TURRIALBA|JABILLOS,967
ALAJUELA|CENTRAL|EL ROBLE,9530
CARTAGO|TURRIALBA|RECREO,912
PUNTARENAS|QUEPOS|SABALO,312
PUNTARENAS|GOLFITO|HLE. GOLFITO,33
SAN JOSE|DOTA|TRINIDAD,222
PUNTARENAS|COTO BRUS|SAN FRANCISCO DE AGUA BUENA,821
ALAJUELA|UPALA|COLONIA PUNTARENAS,1943
HEREDIA|SARAPIQUI|NARANJAL,997
PUNTARENAS|QUEPOS|PORTALON,385
SAN JOSE|ASERRI|OJO DE AGUA (PARTE NOROESTE),131
GUANACASTE|TILARAN|ARENAL NUEVO,1637
HEREDIA|SAN ISIDRO|SAN JOSECITO,3469
SAN JOSE|PEREZ ZELEDON|LA ESPERANZA,397
SAN JOSE|PEREZ ZELEDON|PLATANILLO,674
LIMON|GUACIMO|LOS ANGELES,650
CARTAGO|CENTRAL|QUIRCOT,4755
ALAJUELA|SAN CARLOS|ACAPULCO,249
ALAJUELA|SAN CARLOS|SUCRE,1285
PUNTARENAS|GOLFITO|PUERTO JIMENEZ,2587
LIMON|GUACIMO|VILLAFRANCA,1864
CARTAGO|EL GUARCO|ASUNCION (CANGREJAL),2105
ALAJUELA|OROTINA|CASCAJAL,304
PUNTARENAS|COTO BRUS|FILA PINAR,299
ALAJUELA|GRECIA|CATALUÑA,1213
LIMON|CENTRAL|VILLA DEL MAR,2653
LIMON|CENTRAL|BUFALO,786
ALAJUELA|CENTRAL|CEBADILLA,984
HEREDIA|SANTO DOMINGO|SOCORRO,731
LIMON|GUACIMO|BOSQUE,929
ALAJUELA|GRECIA|BAJO ROSALES,346
ALAJUELA|GRECIA|GRECIA,12109
CONSULADO|ECUADOR|QUITO,198
PUNTARENAS|CENTRAL|HLE. MIGUEL MORENO,28
PUNTARENAS|CENTRAL|RIO GRANDE,768
ALAJUELA|OROTINA|EL MASTATE,1694
ALAJUELA|SAN RAMON|HLE. SAN RAMON,34
SAN JOSE|ACOSTA|SEVILLA (CACAO),228
SAN JOSE|PEREZ ZELEDON|LAS JUNTAS DE PACUAR,1003
PUNTARENAS|GOLFITO|BOCA GALLARDO DE SANDALO,854
ALAJUELA|GRECIA|SAN ROQUE,4057
PUNTARENAS|CENTRAL|SAN BLAS,445
LIMON|TALAMANCA|BRIBRI (FIELDS),3622
HEREDIA|BARVA|PUENTE DE SALAS,3306
GUANACASTE|CAÑAS|CAÑAS,6648
SAN JOSE|PEREZ ZELEDON|ESPERANZA DE SAN PEDRO,802
LIMON|MATINA|SAN MIGUEL,396
LIMON|POCOCI|BANAMOLA,1626
PUNTARENAS|COTO BRUS|BRISAS,887
PUNTARENAS|BUENOS AIRES|SANTA MARTA,1237
CARTAGO|TURRIALBA|EL MORA,1945
SAN JOSE|PEREZ ZELEDON|CRISTO REY,238
LIMON|POCOCI|PATIO SAN CRISTOBAL,585
PUNTARENAS|CORREDORES|DARIZARA,1709
PUNTARENAS|GOLFITO|ESPERANZA,393
LIMON|POCOCI|LA MARAVILLA,932
ALAJUELA|SAN CARLOS|LA FORTUNA,5492
PUNTARENAS|COTO BRUS|CAÑAS GORDAS,734
HEREDIA|SARAPIQUI|COLONIA VILLALOBOS,674
PUNTARENAS|CORREDORES|RIO NUEVO,1989
PUNTARENAS|COTO BRUS|FILA GUINEA,541
ALAJUELA|POAS|SAN JUAN SUR,1901
ALAJUELA|SAN MATEO|LABRADOR,1082
SAN JOSE|ASERRI|BAJO DE PARRITA,93
SAN JOSE|ACOSTA|BAJO CACAO O CERDAS,436
ALAJUELA|SAN CARLOS|ALMENDROS,155
ALAJUELA|PALMARES|HLE. PALMARES,57
PUNTARENAS|GOLFITO|GEMELAS (RIO CLARO DE PAVON),449
SAN JOSE|DESAMPARADOS|GUADARRAMA,340
LIMON|SIQUIRRES|SAN ISIDRO (ALTO HEREDIANA),2164
ALAJUELA|CENTRAL|SAN ANTONIO DEL TEJAR,2814
ALAJUELA|NARANJO|ROSARIO (EL HOYO),2820
PUNTARENAS|BUENOS AIRES|SAN ANTONIO,299
SAN JOSE|LEON CORTES CASTRO|HIGUERON,152
ALAJUELA|SAN RAMON|SAN MARTIN (EL BOSQUE),767
SAN JOSE|ASERRI|LEGUA DE LOS NARANJOS,301
PUNTARENAS|BUENOS AIRES|SAN VICENTE UPIAV-2,143
CONSULADO|ESTADOS UNIDOS|ATLANTA,3686
PUNTARENAS|QUEPOS|COCAL,601
HEREDIA|SANTA BARBARA|SANTO DOMINGO DEL ROBLE,1632
LIMON|SIQUIRRES|SANTO DOMINGO (PUEBLO CIVIL),1204
SAN JOSE|TARRAZU|SAN MARTIN,124
LIMON|CENTRAL|AGUAS ZARCAS,345
PUNTARENAS|PARRITA|BANDERA,320
SAN JOSE|TARRAZU|NAPOLES,255
ALAJUELA|SAN CARLOS|SANTA FE O LA FAMA,669
LIMON|POCOCI|SAN FRANCISCO DE CAÑO SECO,242
PUNTARENAS|GOLFITO|VILLA BRICEÑO (KM 37),1199
HEREDIA|BARVA|HLE. REINA DE LOS ANGELES,18
PUNTARENAS|COTO BRUS|SANTA RITA,335
SAN JOSE|PEREZ ZELEDON|VISTA DE MAR NORTE,175
ALAJUELA|CENTRAL|CALIFORNIA,1127
PUNTARENAS|QUEPOS|BOCA VIEJA,1222
LIMON|MATINA|ESTRADA,1209
PUNTARENAS|ESPARZA|MACACONA,3437
PUNTARENAS|GOLFITO|VALLE DE LOS CEDROS O SAN MIGUEL,65
SAN JOSE|TURRUBARES|SAN LUIS,112
GUANACASTE|NICOYA|DELICIAS DE GARZA,200
LIMON|POCOCI|CUATRO ESQUINAS,1780
PUNTARENAS|CORREDORES|BAJO LOS INDIOS,273
CARTAGO|TURRIALBA|EL CARMEN,407
HEREDIA|SANTA BARBARA|CHAGUITE,673
CARTAGO|TURRIALBA|ESLABON,556
CARTAGO|PARAISO|SANTIAGO,1589
PUNTARENAS|GARABITO|QUEBRADA AMARILLA,569
PUNTARENAS|OSA|HLE. PALMAR SUR,45
CARTAGO|PARAISO|UJARRAS,887
ALAJUELA|CENTRAL|CIRUELAS,4434
PUNTARENAS|CORREDORES|COTO CUARENTA Y SIETE,1254
SAN JOSE|PEREZ ZELEDON|SAN JUAN BOSCO (PATIO DE AGUA),818
PUNTARENAS|OSA|VENECIA,1257
SAN JOSE|ACOSTA|VEGAS DEL PARRITA,207
SAN JOSE|PURISCAL|MASTATAL,113
SAN JOSE|LEON CORTES CASTRO|LA LUCHA (SUR DEL RIO),51
ALAJUELA|GUATUSO|RIO CELESTE,742
ALAJUELA|GUATUSO|EL VALLE,1049
CARTAGO|TURRIALBA|PLATANILLO,1402
CARTAGO|LA UNION|QUEBRADA DEL FIERRO,1193
ALAJUELA|SAN CARLOS|EL PLOMO,203
HEREDIA|SARAPIQUI|COLONIA CUBUJUQUI,418
CARTAGO|LA UNION|YERBABUENA,1038
SAN JOSE|DESAMPARADOS|EMPALME ARRIBA GUARIA(PARTE OESTE),467
ALAJUELA|CENTRAL|BARRIO CORAZON DE JESUS,1928
ALAJUELA|UPALA|UPALA,5691
ALAJUELA|SAN CARLOS|SAN GERARDO DE POCOSOL,462
ALAJUELA|SAN CARLOS|VENECIA,3973
LIMON|POCOCI|CASCADAS,2534
HEREDIA|SAN PABLO|RINCON DE RICARDO,2327
SAN JOSE|LEON CORTES CASTRO|SAN MARTIN,159
ALAJUELA|UPALA|CANALETE,2239
ALAJUELA|LOS CHILES|LOS CHILES,3783
PUNTARENAS|CENTRAL|MONTAÑA GRANDE,372
CARTAGO|TURRIALBA|SITIO DE MATA,492
SAN JOSE|LEON CORTES CASTRO|SANTA ROSA ABAJO ESTE,142
CARTAGO|TURRIALBA|CIEN MANZANAS,288
PUNTARENAS|COTO BRUS|COPAL,286
PUNTARENAS|COTO BRUS|AGUA CALIENTE,256
PUNTARENAS|COTO BRUS|HLE. COTO BRUS,23
LIMON|SIQUIRRES|GERMANIA,725
PUNTARENAS|OSA|SIERPE,944
PUNTARENAS|BUENOS AIRES|SAN RAFAEL DE BRUNKA,906
GUANACASTE|HOJANCHA|PILANGOSTA,281
CARTAGO|PARAISO|OROSI,4747
ALAJUELA|SAN RAMON|SAN ISIDRO DE PEÑAS BLANCAS,1374
PUNTARENAS|PARRITA|LAS PARCELAS O DAMITAS (PIRRIS),653
ALAJUELA|SAN CARLOS|CEDRAL,3749
PUNTARENAS|BUENOS AIRES|BOLAS DE KRUGRA,392
GUANACASTE|ABANGARES|COLORADO,1346
CARTAGO|LA UNION|DULCE NOMBRE,3239
ALAJUELA|POAS|SABANA REDONDA,2018
ALAJUELA|SAN CARLOS|SAN RAMON (CARIBLANCA),131
GUANACASTE|CAÑAS|HLE.  MARY BLANCO,25
PUNTARENAS|COTO BRUS|EL VALLE,93
SAN JOSE|PEREZ ZELEDON|LOS REYES,518
ALAJUELA|CENTRAL|DULCE NOMBRE DE LAGUNA,1561
PUNTARENAS|CENTRAL|KENNEDY (INVU BARRANCA),2128
ALAJUELA|SAN CARLOS|SAN PABLO,2278
ALAJUELA|GRECIA|PORO,1361
PUNTARENAS|PARRITA|ESTERILLOS OESTE,454
PUNTARENAS|GOLFITO|RESIDENCIAL UREÑA,1264
ALAJUELA|SAN CARLOS|LA VEGA O CUATRO ESQUINAS,1269
LIMON|CENTRAL|SANTA ROSA,270
PUNTARENAS|COTO BRUS|CONCEPCION,192
LIMON|SIQUIRRES|PACUARITO,740
CARTAGO|CENTRAL|SAN JUAN SUR,1639
ALAJUELA|SAN RAMON|CALLE ZAMORA,2216
SAN JOSE|PEREZ ZELEDON|SAN GERARDO,250
ALAJUELA|CENTRAL|FRAIJANES,914
SAN JOSE|TARRAZU|SAN MIGUEL O SALADO,128
SAN JOSE|DESAMPARADOS|TRINIDAD (PARTE ESTE),739
ALAJUELA|SAN CARLOS|SAN MARTIN,6051
LIMON|MATINA|BATAN,7916
ALAJUELA|SAN CARLOS|QUEBRADA AZUL,277
SAN JOSE|TURRUBARES|SAN GABRIEL,199
PUNTARENAS|CENTRAL|EL PROGRESO,5475
ALAJUELA|ATENAS|LOS ANGELES,2356
ALAJUELA|CENTRAL|PAVAS (GUARARI),1523
PUNTARENAS|CORREDORES|VEREH,392
ALAJUELA|CENTRAL|CARRIZAL,2854
PUNTARENAS|GOLFITO|LAGARTO (LA LUCHA),172
LIMON|TALAMANCA|PUERTO VIEJO,1927
SAN JOSE|PURISCAL|SAN MARTIN,92
PUNTARENAS|COTO BRUS|SANTA TERESA,176
CARTAGO|JIMENEZ|ALTO VICTORIA,1409
ALAJUELA|SAN RAMON|SAN JUAN,6519
ALAJUELA|SAN RAMON|BERLIN,586
ALAJUELA|ATENAS|MERCEDES,2476
PUNTARENAS|PARRITA|CARMEN (PARTE SUR),207
HEREDIA|CENTRAL|LA AURORA (PARTE NORTE),1903
LIMON|SIQUIRRES|CIMARRONES,1877
HEREDIA|SAN RAFAEL|GETSEMANI (PARTE ESTE),2595
ALAJUELA|NARANJO|SAN JERONIMO,2199
CARTAGO|PARAISO|BIRRISITO,2595
ALAJUELA|GRECIA|SAN FRANCISCO,688
PUNTARENAS|BUENOS AIRES|SAN RAFAEL DE CABAGRA,948
LIMON|GUACIMO|HOGAR,861
HEREDIA|BARVA|SAN MIGUEL,466
SAN JOSE|PEREZ ZELEDON|BOLIVIA,712
GUANACASTE|NICOYA|LA VIGIA,501
CARTAGO|TURRIALBA|NOCHEBUENA,774
SAN JOSE|DESAMPARADOS|CHIROGRES,232
CARTAGO|EL GUARCO|PALMITAL,642
GUANACASTE|SANTA CRUZ|BRASILITO,918
ALAJUELA|CENTRAL|TUETAL SUR,1648
LIMON|GUACIMO|HLE. DAVID GARRO,26
SAN JOSE|GOICOECHEA|HLE. CORTEZA AMARILLA-EMMANUEL,11
ALAJUELA|SAN CARLOS|SAN JUAN DE QUEBRADA DE PALO,1959
SAN JOSE|PURISCAL|LLANO GRANDE,121
GUANACASTE|LIBERIA|BUENAVISTA DE CAÑAS DULCES,525
ALAJUELA|SAN CARLOS|PLATANAR,1244
ALAJUELA|SAN CARLOS|SAN JORGE DE CUTRIS,193
SAN JOSE|PEREZ ZELEDON|VERACRUZ,206
ALAJUELA|SAN RAMON|BOLIVAR (ESPERANZA),3426
PUNTARENAS|OSA|OJOCHAL,550
LIMON|CENTRAL|BRISAS DE VERAGUA,176
HEREDIA|SARAPIQUI|CHILAMATE ESTE ALTOS,2185
ALAJUELA|ATENAS|BALSA,670
SAN JOSE|TARRAZU|SAN PEDRO,474
PUNTARENAS|CENTRAL|SAN RAFAEL,265
LIMON|POCOCI|CRUCE DE ROXANA (CRUCE DE ANABAN),481
GUANACASTE|NICOYA|MATINA,72
HEREDIA|SARAPIQUI|FINCA AGUA,275
PUNTARENAS|CENTRAL|MONTEZUMA,343
PUNTARENAS|BUENOS AIRES|SAN CARLOS,733
SAN JOSE|PURISCAL|LOS ANGELES,131
PUNTARENAS|BUENOS AIRES|COLINAS (MAIZ DE LOS UVA),337
ALAJUELA|LOS CHILES|VASCONIA,209
ALAJUELA|UPALA|PORVENIR,420
CARTAGO|CENTRAL|TIERRA BLANCA,4761
SAN JOSE|TARRAZU|QUEBRADA ARROYO,46
CONSULADO|ISRAEL|TEL AVIV,159
GUANACASTE|LA CRUZ|CUAJINIQUIL DE SANTA ELENA,1504
CARTAGO|TURRIALBA|TUIS,1353
ALAJUELA|CENTRAL|SAN MIGUEL O CERRILLOS,808
SAN JOSE|TURRUBARES|LAS DELICIAS,129
HEREDIA|SARAPIQUI|ESTERO GRANDE,582
PUNTARENAS|GARABITO|LAGUNILLAS (PARTE OESTE),1250
SAN JOSE|PURISCAL|VISTA DE MAR NORTE,205
ALAJUELA|LOS CHILES|EL PARQUE,1435
PUNTARENAS|COTO BRUS|LINDA VISTA (ALTO ZONCHO),464
ALAJUELA|SAN CARLOS|DULCE NOMBRE,966
LIMON|SIQUIRRES|HEREDIANA,930
GUANACASTE|SANTA CRUZ|MARBELLA,448
PUNTARENAS|GOLFITO|ESCUADRA,387
PUNTARENAS|CENTRAL|LA FRESCA,184
LIMON|GUACIMO|PARISMINA,542
LIMON|SIQUIRRES|FLORIDA,1189
LIMON|CENTRAL|BOCUARE,236
GUANACASTE|NANDAYURE|JABILLA,209
GUANACASTE|HOJANCHA|MONTE ROMO,335
GUANACASTE|SANTA CRUZ|SAN JUAN,779
PUNTARENAS|MONTES DE ORO|LINDA VISTA,1611
CARTAGO|CENTRAL|DULCE NOMBRE,5271
PUNTARENAS|BUENOS AIRES|LA DANTA O CONCEPCION,467
GUANACASTE|LIBERIA|SAN ROQUE,12236
SAN JOSE|PURISCAL|BAJO BADILLA,74
CARTAGO|TURRIALBA|EL PORO,1650
SAN JOSE|PEREZ ZELEDON|SAN BLAS (LINDA ARRIBA),147
GUANACASTE|SANTA CRUZ|EL LLANO (EL CHORRO),841
HEREDIA|SAN RAFAEL|LA SUIZA,1697
GUANACASTE|TILARAN|PARCE. QUEBRADA AZUL (LINDA VISTA),490
ALAJUELA|SAN RAMON|CIUDADELA JARDINES,2279
LIMON|GUACIMO|PUEBLO NUEVO O ZANCUDO,717
ALAJUELA|POAS|SAN RAFAEL,2427
HEREDIA|BARVA|BUENAVISTA (ALTO DE ABRA),1568
SAN JOSE|ASERRI|MONTE REDONDO,715
SAN JOSE|PEREZ ZELEDON|GUADALUPE,263
PUNTARENAS|COTO BRUS|SAN ANTONIO,965
PUNTARENAS|COTO BRUS|SANTA CECILIA DE AGUA BUENA,240
SAN JOSE|MORA|PICAGRES,208
ALAJUELA|UPALA|SAN ISIDRO DE AGUAS CLARAS,920
ALAJUELA|SAN RAMON|BARRIO BELEN,3299
GUANACASTE|NICOYA|SAN MARTIN,5752
PUNTARENAS|OSA|MIRAMAR,86
ALAJUELA|GUATUSO|MARGARITA,461
ALAJUELA|GRECIA|RINCON DE SALAS,1293
CARTAGO|ALVARADO|PACAYAS,3515
CARTAGO|TURRIALBA|FLORENCIA,234
ALAJUELA|SAN RAMON|CATARATA,933
ALAJUELA|GUATUSO|BUENAVISTA,555
GUANACASTE|NANDAYURE|PAVONES,448
SAN JOSE|PURISCAL|TUFARES,84
LIMON|POCOCI|HLE. GUAPILES,28
HEREDIA|SANTA BARBARA|SAN PEDRO,3346
LIMON|CENTRAL|LIVERPOOL,3367
GUANACASTE|LIBERIA|GUARDIA,1849
GUANACASTE|SANTA CRUZ|PORTEGOLPE,885
LIMON|TALAMANCA|BORDON,672
LIMON|SIQUIRRES|SAN ALBERTO NUEVO,377
CARTAGO|CENTRAL|NAVARRO,251
GUANACASTE|LIBERIA|LA VICTORIA,6294
HEREDIA|SAN ISIDRO|QUEBRADAS O LOURDES (PARTE NORTE),179
ALAJUELA|NARANJO|LLANO BONITO O CIRRI NORTE,976
PUNTARENAS|COTO BRUS|LA CASONA (GUAYMI),1270
ALAJUELA|CENTRAL|ROSALES,1481
GUANACASTE|LIBERIA|CAPULIN,2140
SAN JOSE|LEON CORTES CASTRO|SANTA ROSA ARRIBA ESTE,50
HEREDIA|SARAPIQUI|ZAPOTE,752
ALAJUELA|SAN CARLOS|PITALITO,753
GUANACASTE|ABANGARES|MATAPALO,1212
HEREDIA|SANTA BARBARA|SETILLAL,1232
PUNTARENAS|BUENOS AIRES|PARAISO,240
ALAJUELA|CENTRAL|SABANILLA,1437
LIMON|CENTRAL|RIO BLANCO,961
SAN JOSE|PEREZ ZELEDON|SAN MARTIN (LAS MULAS),221
PUNTARENAS|CORREDORES|CARACOL DE LA VACA,416
CARTAGO|TURRIALBA|CANADA,1941
GUANACASTE|CAÑAS|URB. LAS CAÑAS,2286
LIMON|POCOCI|PRIMAVERA,954
PUNTARENAS|CENTRAL|SAN PEDRO,303
ALAJUELA|PALMARES|COCALECA (PARTE OESTE),1105
SAN JOSE|DESAMPARADOS|PACAYA,92
PUNTARENAS|CENTRAL|COSTA DE PAJAROS(BRISAS DEL GOLFO),1537
GUANACASTE|LIBERIA|SALTO OESTE,804
SAN JOSE|LEON CORTES CASTRO|CEDRAL PARTE NORTE,348
ALAJUELA|LOS CHILES|SAN JOSE DEL AMPARO,752
ALAJUELA|SAN CARLOS|VERACRUZ,1327
PUNTARENAS|CENTRAL|LA ESPERANZA,149
ALAJUELA|CENTRAL|EL PARAISO,127
CARTAGO|TURRIALBA|LAS NUBES,88
HEREDIA|SAN ISIDRO|SANTA CECILIA (ALHAJAS),753
ALAJUELA|SAN CARLOS|BELLA VISTA,226
LIMON|CENTRAL|RIO BANANO,1375
CARTAGO|TURRIALBA|SAN JUAN NORTE,1014
GUANACASTE|SANTA CRUZ|MATAPALO,1441
CARTAGO|PARAISO|LA FLOR,530
GUANACASTE|NICOYA|GARCIMUÑOZ,97
GUANACASTE|CARRILLO|CASTILLA DE ORO,251
GUANACASTE|CARRILLO|ARTOLA,623
GUANACASTE|SANTA CRUZ|OSTIONAL,436
LIMON|MATINA|ESPAVEL (VEGAS),354
HEREDIA|SARAPIQUI|FINCA DIEZ,1294
ALAJUELA|PALMARES|LA GRANJA,3057
PUNTARENAS|CENTRAL|PAQUERA,2559
GUANACASTE|SANTA CRUZ|LAGUNILLA,1016
ALAJUELA|GRECIA|LA ARENA (PARTE NORTE),1427
PUNTARENAS|ESPARZA|TIVIVES,218
ALAJUELA|SAN CARLOS|LOS ANGELES DE PITAL,1158
CARTAGO|CENTRAL|LLANO DE LOS ANGELES,1151
ALAJUELA|SAN RAMON|SAN MIGUEL,926
ALAJUELA|NARANJO|SAN MIGUEL,2476
PUNTARENAS|BUENOS AIRES|TERRABA,646
PUNTARENAS|GOLFITO|BAHIA DE PAVON (COCAL AMARILLO),438
HEREDIA|SARAPIQUI|LA  CHAVES,774
ALAJUELA|CENTRAL|EL COCO,2410
PUNTARENAS|CENTRAL|JUANITO MORA,3914
PUNTARENAS|BUENOS AIRES|CAPRI,310
HEREDIA|CENTRAL|SAN RAFAEL DE VARABLANCA,177
GUANACASTE|CAÑAS|PALMIRA,351
HEREDIA|SARAPIQUI|PUEBLO NUEVO,699
PUNTARENAS|OSA|LOS PLANES,261
ALAJUELA|GRECIA|BARRIO LATINO (AGUALOTE),2398
GUANACASTE|CARRILLO|COMUNIDAD,1251
CARTAGO|JIMENEZ|SABANILLA,763
CARTAGO|OREAMUNO|CIPRESES,3029
GUANACASTE|NICOYA|DULCE NOMBRE (GARITA),428
ALAJUELA|SAN CARLOS|SANTA CLARA,2303
PUNTARENAS|BUENOS AIRES|CORDONCILLO,390
ALAJUELA|GRECIA|SAN JUAN,1585
ALAJUELA|SAN CARLOS|SAN ROQUE,3888
ALAJUELA|RIO CUARTO|COLONIA AGRICOLA DEL TORO,243
LIMON|CENTRAL|SAN RAFAEL,387
PUNTARENAS|BUENOS AIRES|LA PUNA,190
HEREDIA|SARAPIQUI|EL ROBLE,847
ALAJUELA|ATENAS|SANTA EULALIA,1741
GUANACASTE|BAGACES|SAN BERNARDO,430
ALAJUELA|SAN CARLOS|LA MARINA,827
PUNTARENAS|CENTRAL|GUARIA,503
ALAJUELA|SAN MATEO|HIGUITO,609
LIMON|MATINA|MATINA,2246
SAN JOSE|LEON CORTES CASTRO|TRINIDAD,161
ALAJUELA|ATENAS|ESTANQUILLO (SAN ANTONIO) (P.EST.),176
ALAJUELA|SAN CARLOS|SAN JOAQUIN,428
ALAJUELA|SAN RAMON|VALLE AZUL,1141
ALAJUELA|SAN CARLOS|COREA O CONCEPCION,197
GUANACASTE|NANDAYURE|ZAPOTE O MORAVIA,170
CARTAGO|TURRIALBA|JICOTEA,341
ALAJUELA|LOS CHILES|SAN JORGE,430
GUANACASTE|NICOYA|PUEBLO VIEJO,468
PUNTARENAS|BUENOS AIRES|BIJAGUAL,461
ALAJUELA|GUATUSO|SAN RAFAEL,3587
ALAJUELA|GRECIA|BODEGAS,2031
CARTAGO|OREAMUNO|COT,6682
HEREDIA|SARAPIQUI|EL TIGRE SUR,1041
SAN JOSE|ACOSTA|LLANO DE LA MESA,171
GUANACASTE|BAGACES|GUAYABO,2640
PUNTARENAS|QUEPOS|DAMAS,646
LIMON|GUACIMO|IROQUOIS,915
SAN JOSE|DESAMPARADOS|LLANO BONITO,148
SAN JOSE|PEREZ ZELEDON|SAVEGRE ABAJO,292
PUNTARENAS|COTO BRUS|LOS ANGELES DE SABALITO,182
PUNTARENAS|ESPARZA|MOJON,2034
CARTAGO|EL GUARCO|LA CANGREJA,381
ALAJUELA|SAN CARLOS|BOCA DE ARENAL,2411
HEREDIA|BARVA|PASO LLANO O PORROSATI,294
ALAJUELA|GRECIA|PUENTE DE PIEDRA,2051
PUNTARENAS|GARABITO|PUEBLO NUEVO (LA MONA),221
HEREDIA|SARAPIQUI|HLE. SAN AGUSTIN,23
LIMON|MATINA|SANTA MARTA,898
ALAJUELA|SARCHI|SAN JUAN,1156
PUNTARENAS|BUENOS AIRES|VUELTAS,330
LIMON|MATINA|SAHARA,699
SAN JOSE|PEREZ ZELEDON|JARDIN (PARTE ESTE),148
GUANACASTE|NANDAYURE|COLONIA DEL VALLE,209
SAN JOSE|PEREZ ZELEDON|SIBERIA (PARTE OESTE),173
CONSULADO|ESTADOS UNIDOS|CHICAGO,1428
ALAJUELA|GRECIA|MESON O DULCE NOMBRE,1774
PUNTARENAS|CENTRAL|FLORIDA (TACOTALES),200
ALAJUELA|POAS|SAN JUAN NORTE,764
LIMON|GUACIMO|LIMBO,1859
CARTAGO|CENTRAL|POLVORA O LOYOLA,2954
CONSULADO|JAPON|TOKIO,119
LIMON|SIQUIRRES|SAN CARLOS,618
ALAJUELA|NARANJO|DULCE NOMBRE (VILLANO),1749
HEREDIA|SARAPIQUI|EL MORTERO,204
PUNTARENAS|CENTRAL|PAVON,127
SAN JOSE|PEREZ ZELEDON|BERLIN,101
ALAJUELA|OROTINA|LA CEIBA,306
CARTAGO|CENTRAL|GUAYABAL (PARTE ESTE),1452
GUANACASTE|NANDAYURE|RIO DE ORO,159
GUANACASTE|LA CRUZ|LA CRUZ,5714
LIMON|MATINA|LUZON,813
ALAJUELA|SAN CARLOS|LA GLORIA O SAN MARCOS,441
ALAJUELA|NARANJO|CONCEPCION ESTE,1601
SAN JOSE|CENTRAL|ROSITER CARBALLO (LAS BRISAS),1117
ALAJUELA|CENTRAL|POASITO,819
ALAJUELA|ZARCERO|ZARCERO,3777
ALAJUELA|PALMARES|ZARAGOZA,2564
GUANACASTE|SANTA CRUZ|HLE. NUESTRA SEÑORA DEL ROSARIO,14
ALAJUELA|SAN RAMON|COLONIA TRINIDAD,696
SAN JOSE|PEREZ ZELEDON|LOS ANGELES DE PARAMO,257
GUANACASTE|CAÑAS|NISPERO (PUERTO ALEGRE),147
GUANACASTE|SANTA CRUZ|HATILLO,722
PUNTARENAS|CENTRAL|SANTA ELENA,2607
HEREDIA|SARAPIQUI|LA CEIBA,111
CARTAGO|CENTRAL|LLANO GRANDE,2382
HEREDIA|SARAPIQUI|CERRO NEGRO(PARTE SUR),81
ALAJUELA|ATENAS|SABANA LARGA,1200
SAN JOSE|PEREZ ZELEDON|DIVISION (PARTE OESTE),274
SAN JOSE|TURRUBARES|EL SUR,71
CARTAGO|TURRIALBA|TRES EQUIS,1241
GUANACASTE|ABANGARES|RAIZAL,150
CARTAGO|ALVARADO|CERVANTES,4985
PUNTARENAS|COTO BRUS|CAMAQUIRI,225
ALAJUELA|NARANJO|SAN ANTONIO DE LA CUEVA,971
PUNTARENAS|BUENOS AIRES|CHANGUENA (LA FILA),273
PUNTARENAS|BUENOS AIRES|LA BONGA,274
PUNTARENAS|CORREDORES|LA NUBIA (KILOMETRO 25),257
GUANACASTE|CARRILLO|SARDINAL,3892
PUNTARENAS|BUENOS AIRES|PILON,485
PUNTARENAS|CORREDORES|COLORADO,518
PUNTARENAS|QUEPOS|SANTO DOMINGO,142
CARTAGO|TURRIALBA|CARMEN,260
PUNTARENAS|PARRITA|CHIRES ARRIBA,159
CARTAGO|TURRIALBA|GRANO DE ORO O XARA,957
CARTAGO|TURRIALBA|SAN RAMON,319
LIMON|CENTRAL|LA BOMBA,1058
CONSULADO|BRASIL|BRASILIA,120
CONSULADO|CANADA|OTTAWA,632
CARTAGO|CENTRAL|SANTA ELENA ARRIBA,1190
ALAJUELA|PALMARES|CANDELARIA,1629
PUNTARENAS|ESPARZA|SALINAS,1087
GUANACASTE|ABANGARES|SAN JUAN GRANDE,531
PUNTARENAS|CENTRAL|PILAS DE CANJEL,426
ALAJUELA|SAN MATEO|DESMONTE,434
SAN JOSE|PEREZ ZELEDON|SAN SALVADOR,318
PUNTARENAS|OSA|BALSAR ARRIBA,108
CARTAGO|TURRIALBA|LA PASTORA,432
GUANACASTE|HOJANCHA|ESTRADA,413
GUANACASTE|SANTA CRUZ|POTRERO,612
ALAJUELA|RIO CUARTO|RIO CUARTO,2148
ALAJUELA|SAN RAMON|GUARIA (RIO GRANDE),1319
GUANACASTE|SANTA CRUZ|SANTA BARBARA,2100
PUNTARENAS|PARRITA|PLAYA ISLA PALO SECO,111
CARTAGO|PARAISO|PALOMO,1723
ALAJUELA|SAN RAMON|BAJO DE LOS RODRIGUEZ,1448
HEREDIA|SARAPIQUI|PUERTO VIEJO,2451
ALAJUELA|SAN CARLOS|SAN JUAN DE LA CEIBA,464
CARTAGO|TURRIALBA|SAN ANTONIO,761
ALAJUELA|SAN CARLOS|SANTA ELENA,345
ALAJUELA|GRECIA|CAJON (BARRIO SAN JOSE),777
CONSULADO|FRANCIA|PARIS,569
CARTAGO|PARAISO|RIO REGADO,638
ALAJUELA|CENTRAL|UJARRAS,794
GUANACASTE|CARRILLO|LIBERTAD (HUACAS),469
GUANACASTE|CARRILLO|EL COCO,3251
GUANACASTE|TILARAN|QUEBRADA GRANDE,628
GUANACASTE|CARRILLO|SANTA ANA,1207
ALAJUELA|PALMARES|SANTIAGO,1890
ALAJUELA|GRECIA|SANTA GERTRUDIS SUR,1765
CARTAGO|PARAISO|LAPUENTE,361
SAN JOSE|PEREZ ZELEDON|CALIFORNIA DE RIO NUEVO,193
HEREDIA|SARAPIQUI|LAS MARIAS,649
SAN JOSE|PEREZ ZELEDON|TRINIDAD,135
SAN JOSE|PEREZ ZELEDON|CAI. ANTONIO BASTIDA DE PAZ,714
CARTAGO|EL GUARCO|VARA DE ROBLE,543
ALAJUELA|GRECIA|CALLE ACHIOTE,757
ALAJUELA|OROTINA|SAN JERONIMO,226
PUNTARENAS|GOLFITO|LA VIRGEN,437
ALAJUELA|GUATUSO|MAQUENCAL O PALMITAL,404
GUANACASTE|NICOYA|SAN JUAN (PARTE NORTE),285
LIMON|SIQUIRRES|BANACOL (LA ESPERANZA),185
ALAJUELA|SAN CARLOS|SANTA MARIA,476
LIMON|MATINA|VEINTIOCHO MILLAS O WALDEK,1037
PUNTARENAS|CORREDORES|ABROJO-MONTEZUMA,332
PUNTARENAS|CORREDORES|CAMPIÑA,448
ALAJUELA|LOS CHILES|CUATRO ESQUINAS,284
CARTAGO|EL GUARCO|TABLON,1186
ALAJUELA|ATENAS|SAN JOSE SUR,1317
PUNTARENAS|GOLFITO|SAN RAMON,1110
ALAJUELA|SAN RAMON|SAN PEDRO,3619
HEREDIA|SARAPIQUI|LA CONQUISTA,322
CARTAGO|JIMENEZ|LAS VUELTAS,744
ALAJUELA|SARCHI|LA LUISA,836
PUNTARENAS|CENTRAL|ABANGARITOS,335
PUNTARENAS|BUENOS AIRES|SAN LUIS DE RIO LIMON,42
LIMON|SIQUIRRES|MILANO O NEGUEV,552
ALAJUELA|SAN RAMON|LOS ANGELES SUR,1089
GUANACASTE|NICOYA|POZO DE AGUA,478
PUNTARENAS|PARRITA|POCARES,146
CARTAGO|OREAMUNO|PASO ANCHO,1163
LIMON|SIQUIRRES|BELLAVISTA,85
PUNTARENAS|BUENOS AIRES|SHAMBA,178
LIMON|POCOCI|BARRA DEL COLORADO,432
GUANACASTE|SANTA CRUZ|BOLSON,395
PUNTARENAS|MONTES DE ORO|HLE. FRAY CASIANO DE MADRID,50
LIMON|SIQUIRRES|CULTIVEZ,450
PUNTARENAS|OSA|MOGOS,101
ALAJUELA|SAN CARLOS|MARSELLA,855
PUNTARENAS|GOLFITO|ZANCUDO (PUERTO NUEVO),260
CARTAGO|EL GUARCO|CARAGRAL,296
ALAJUELA|SAN CARLOS|SAN FRANCISCO O VACA BLANCA,1464
LIMON|TALAMANCA|MARGARITA,1058
ALAJUELA|GUATUSO|PATASTILLO,153
GUANACASTE|LA CRUZ|LAS VUELTAS,1002
CARTAGO|CENTRAL|BERMEJO,1538
HEREDIA|SARAPIQUI|LAS PALMITAS,538
PUNTARENAS|CENTRAL|YIRETH,1617
GUANACASTE|NICOYA|LA MANSION,1517
ALAJUELA|POAS|CHILAMATE,813
ALAJUELA|UPALA|SAN LUIS,393
PUNTARENAS|OSA|CAÑABLANCAL,229
PUNTARENAS|OSA|RANCHO QUEMADO O DELICIAS,123
PUNTARENAS|COTO BRUS|MARAVILLA,183
ALAJUELA|SAN RAMON|SAN ANTONIO DE ZAPOTAL,156
CARTAGO|TURRIALBA|SAN JUAN SUR,926
CONSULADO|BOLIVIA|LA PAZ,47
GUANACASTE|HOJANCHA|MATAMBU,718
LIMON|MATINA|SANTA MARIA,681
LIMON|SIQUIRRES|FREEMAN,466
CARTAGO|TURRIALBA|SAN MARTIN,432
CARTAGO|CENTRAL|COPALCHI,322
ALAJUELA|GRECIA|LA ARGENTINA,1305
LIMON|POCOCI|CARLOTA,148
LIMON|SIQUIRRES|COCAL,988
ALAJUELA|UPALA|PROGRESO,476
GUANACASTE|ABANGARES|SANTA LUCIA,195
HEREDIA|CENTRAL|VARABLANCA,433
PUNTARENAS|CENTRAL|SAN MIGUEL DE BARRANCA,507
GUANACASTE|BAGACES|PIJIJE,1275
PUNTARENAS|BUENOS AIRES|LAS PILAS,143
LIMON|CENTRAL|DONDONIA,287
GUANACASTE|SANTA CRUZ|CHIRCO,638
ALAJUELA|LOS CHILES|CAÑO NEGRO,723
GUANACASTE|NICOYA|CURIME,937
ALAJUELA|SAN CARLOS|SAN JOSE DE LA TIGRA,969
LIMON|SIQUIRRES|ALTO LAS BRISAS DE PACUARITO,127
CARTAGO|JIMENEZ|HUMO,685
GUANACASTE|LA CRUZ|PALMARES,211
PUNTARENAS|OSA|JALACA (PARTE SUR),135
ALAJUELA|SAN CARLOS|LINDA VISTA,710
LIMON|TALAMANCA|MANZANILLO,392
ALAJUELA|GRECIA|ALTOS DE PERALTA,2070
ALAJUELA|SAN CARLOS|SAN MARCOS NORTE,463
ALAJUELA|RIO CUARTO|LA TABLA,533
PUNTARENAS|QUEPOS|PUNTO DE MIRA,83
PUNTARENAS|CENTRAL|PUEBLO NUEVO,180
ALAJUELA|GRECIA|CEDRO,710
ALAJUELA|SAN CARLOS|SAN DIEGO,209
ALAJUELA|SAN CARLOS|DELICIAS,1389
ALAJUELA|ATENAS|MORAZAN,712
PUNTARENAS|BUENOS AIRES|VILLA HERMOSA,242
PUNTARENAS|CENTRAL|SARMIENTO,294
ALAJUELA|GRECIA|SAN JOSE Y SANTA GERTRUDIS NORTE,2003
ALAJUELA|POAS|SANTA ROSA,678
GUANACASTE|NICOYA|JUAN DIAZ,405
PUNTARENAS|CORREDORES|COTO CUARENTA Y DOS,355
LIMON|TALAMANCA|CAHUITA,1207
PUNTARENAS|ESPARZA|SAN RAFAEL,511
HEREDIA|SARAPIQUI|COLONIA SAN JOSE,1200
GUANACASTE|ABANGARES|POZO AZUL,428
ALAJUELA|NARANJO|PALMITOS,1342
ALAJUELA|SAN CARLOS|TRES Y TRES,388
ALAJUELA|GRECIA|LEON CORTES CASTRO,856
CARTAGO|TURRIALBA|PALOMO,352
CARTAGO|LA UNION|LA CIMA,563
CARTAGO|TURRIALBA|FUENTE,182
PUNTARENAS|BUENOS AIRES|PARAISO (ANIMAS),174
CONSULADO|AUSTRALIA|CANBERRA,147
LIMON|CENTRAL|CANGREJOS,590
SAN JOSE|PEREZ ZELEDON|SANTO TOMAS,170
ALAJUELA|SAN RAMON|SANTIAGO,2611
ALAJUELA|SAN CARLOS|CARRIZAL,237
GUANACASTE|SANTA CRUZ|HUACAS,976
PUNTARENAS|BUENOS AIRES|CURRE,406
HEREDIA|SARAPIQUI|EL PALMAR,186
CARTAGO|TURRIALBA|COLONIA GUAYABO,523
GUANACASTE|CARRILLO|SANTO DOMINGO,434
CARTAGO|TURRIALBA|PACUARE,54
ALAJUELA|NARANJO|CIRRI SUR,2048
PUNTARENAS|PARRITA|BEJUCO,274
ALAJUELA|CENTRAL|EL CERRO,656
GUANACASTE|SANTA CRUZ|SAN FRANCISCO,427
CARTAGO|JIMENEZ|TUCURRIQUE,2470
HEREDIA|SARAPIQUI|SAN RAMON,555
PUNTARENAS|BUENOS AIRES|MAIZ DE BORUCA,334
CARTAGO|OREAMUNO|SANTA ROSA,1331
LIMON|TALAMANCA|DINDIRI O CARBON DOS,164
PUNTARENAS|CORREDORES|SAN MARTIN,556
PUNTARENAS|CENTRAL|PANICA,245
GUANACASTE|SANTA CRUZ|DIRIA O RIO GRANDE,382
ALAJUELA|NARANJO|COMUN O SAN RAFAEL,878
GUANACASTE|LIBERIA|EL GALLO,418
PUNTARENAS|GOLFITO|FLORIDA (AGUADA),131
GUANACASTE|NICOYA|NAMBI,1034
ALAJUELA|SAN MATEO|DULCE NOMBRE,71
HEREDIA|SARAPIQUI|LA ALDEA,447
PUNTARENAS|GOLFITO|CARBONERA,84
CARTAGO|PARAISO|RIO MACHO,710
SAN JOSE|PEREZ ZELEDON|BRUJO,133
PUNTARENAS|MONTES DE ORO|SAN ISIDRO (TIGRE),1346
ALAJUELA|SAN CARLOS|LA UNION ESTE,904
CONSULADO|ARGENTINA|BUENOS AIRES,269
GUANACASTE|NANDAYURE|QUEBRADA GRANDE,146
ALAJUELA|NARANJO|SANTA MARGARITA,143
GUANACASTE|NICOYA|TERCIOPELO,340
PUNTARENAS|CENTRAL|MORALES,1004
LIMON|CENTRAL|MOIN,605
ALAJUELA|UPALA|LAS ARMENIAS,271
LIMON|SIQUIRRES|BOCA DE PARISMINA,264
GUANACASTE|CARRILLO|PASO TEMPISQUE (PARTE OESTE),1050
SAN JOSE|LEON CORTES CASTRO|LA CUESTA O BAJO DE TARRAZU,292
CONSULADO|SUIZA|BERNA,490
PUNTARENAS|BUENOS AIRES|SAN LUIS (FLORIDA),275
ALAJUELA|SAN CARLOS|PORVENIR,795
CARTAGO|TURRIALBA|PERALTA,335
GUANACASTE|CAÑAS|SAN MIGUEL O CUATRO ESQUINAS,835
GUANACASTE|CARRILLO|LA GUINEA,205
GUANACASTE|NICOYA|TALOLINGA,264
PUNTARENAS|BUENOS AIRES|PASO REAL,65
PUNTARENAS|ESPARZA|SAN JERONIMO,381
GUANACASTE|NICOYA|SAMARA,1449
GUANACASTE|CARRILLO|RIO CAÑAS NUEVO,570
CARTAGO|EL GUARCO|SABANA GRANDE,388
GUANACASTE|SANTA CRUZ|SAN PEDRO,492
CARTAGO|EL GUARCO|PURIRES (PARTE OESTE),716
GUANACASTE|NICOYA|CASITAS,709
ALAJUELA|RIO CUARTO|SANTA ISABEL,907
ALAJUELA|UPALA|QUEBRADON,585
PUNTARENAS|MONTES DE ORO|CIRUELAS,54
CARTAGO|TURRIALBA|SAN RAFAEL,386
HEREDIA|SARAPIQUI|TIRIMBINA,159
PUNTARENAS|CENTRAL|CHOMES,873
LIMON|MATINA|BRISTOL,481
ALAJUELA|RIO CUARTO|PATA DE GALLO (LOS ANGELES SUR),47
ALAJUELA|SAN CARLOS|CORAZON DE JESUS DE LA TESALIA,377
GUANACASTE|LA CRUZ|SANTA CECILIA,2932
GUANACASTE|CAÑAS|BUENOS AIRES LA GOTERA(ALTO LAJAS),351
CARTAGO|ALVARADO|CAPELLADES,1189
CARTAGO|CENTRAL|AZAHAR (PENJAMO),1168
PUNTARENAS|CENTRAL|JUDAS,915
PUNTARENAS|ESPARZA|SAN JUAN GRANDE,1953
ALAJUELA|CENTRAL|SAN MIGUEL DE SARAPIQUI,985
ALAJUELA|SAN CARLOS|BUENOS AIRES,557
LIMON|CENTRAL|PANDORA ESTE (LA PLASTICA),625
ALAJUELA|SAN CARLOS|LOS LLANOS O ALTAMIRITA,682
ALAJUELA|NARANJO|HLE. JOSE DEL OLMO,54
ALAJUELA|CENTRAL|CORAZON DE JESUS,86
CARTAGO|TURRIALBA|ATIRRO,174
GUANACASTE|SANTA CRUZ|CARTAGENA,2835
GUANACASTE|CARRILLO|SAN BLAS,948
LIMON|CENTRAL|CAI. LIMON (SANDOVAL),421
GUANACASTE|NICOYA|SAN LAZARO,359
PUNTARENAS|CENTRAL|NANCITE (SAN ANTONIO),517
ALAJUELA|NARANJO|SAN ROQUE,609
GUANACASTE|CARRILLO|NUEVO COLON,193
GUANACASTE|LIBERIA|CAI. CALLE REAL (MODULO D3-D4),152
PUNTARENAS|OSA|SABALO,71
ALAJUELA|SAN CARLOS|LA PALMERA,1014
SAN JOSE|TARRAZU|ESQUIPULAS,24
LIMON|TALAMANCA|SHIROLES (XIROLES),2307
PUNTARENAS|ESPARZA|JUANILAMA,964
GUANACASTE|SANTA CRUZ|LORENA,336
ALAJUELA|GUATUSO|TIALES,371
ALAJUELA|SAN RAMON|BAJO ZUÑIGA,505
ALAJUELA|SAN CARLOS|VENADO,718
GUANACASTE|CAÑAS|HIGUERON ABAJO,131
PUNTARENAS|CENTRAL|TAMBOR,346
PUNTARENAS|CENTRAL|RIO FRIO,72
GUANACASTE|CARRILLO|PALMIRA,1357
PUNTARENAS|GOLFITO|LLANO BONITO,92
GUANACASTE|NANDAYURE|CACAO,414
CONSULADO|CHILE|SANTIAGO,301
CARTAGO|JIMENEZ|SAN MARTIN,326
ALAJUELA|UPALA|DELICIAS,825
GUANACASTE|CARRILLO|BELEN,3356
ALAJUELA|GRECIA|SAN LUIS,777
ALAJUELA|GRECIA|CALLE SAN JOSE,640
ALAJUELA|UPALA|SAN RAFAEL O CHIMURRIA ABAJO,523
ALAJUELA|LOS CHILES|MONTEALEGRE,203
PUNTARENAS|BUENOS AIRES|OLAN,57
GUANACASTE|NICOYA|BOCAS DE NOSARA,2988
PUNTARENAS|QUEPOS|MARITIMA,144
LIMON|POCOCI|LINDA VISTA,97
GUANACASTE|HOJANCHA|ALTOS DEL SOCORRO,117
GUANACASTE|SANTA CRUZ|VEINTISIETE DE ABRIL,1676
CONSULADO|PAISES BAJOS|LA HAYA,392
CARTAGO|PARAISO|LA LOAIZA,249
SAN JOSE|PEREZ ZELEDON|PIEDRA ALTA,102
ALAJUELA|NARANJO|SAN ANTONIO DE BARRANCA,434
CARTAGO|EL GUARCO|CAI. JORGE DEBRAVO,466
PUNTARENAS|OSA|FINCA DOS-CUATRO,413
CARTAGO|TURRIALBA|ESMERALDA,156
CARTAGO|PARAISO|AJENJAL,640
GUANACASTE|LIBERIA|CORAZON DE JESUS,6007
LIMON|CENTRAL|WESTFALIA,269
LIMON|POCOCI|LA CURIA (BUENOS AIRES),275
ALAJUELA|GRECIA|SAN MIGUEL ARRIBA,259
ALAJUELA|SAN RAMON|BAJO CORDOBA,40
ALAJUELA|SAN RAMON|PIEDADES SUR,1329
PUNTARENAS|BUENOS AIRES|CAJON,262
CARTAGO|TURRIALBA|CIMARRONES,399
GUANACASTE|SANTA CRUZ|PARAISO O RIO SEQUITO,1232
CARTAGO|TURRIALBA|SIMIRIÑAC (JACUY),333
ALAJUELA|SAN RAMON|LOS CRIQUES,520
CARTAGO|TURRIALBA|VERBENA NORTE,537
ALAJUELA|SAN RAMON|SAN JOSE (RIO JESUS),427
ALAJUELA|SAN RAMON|EMPALME,537
CARTAGO|PARAISO|URASCA,543
PUNTARENAS|ESPARZA|HLE. CARLOS VENEGAS,13
PUNTARENAS|CENTRAL|CERRO PLANO,646
PUNTARENAS|ESPARZA|MATA DE LIMON,577
PUNTARENAS|GOLFITO|PROGRESO DE CONTEBURICA,271
ALAJUELA|SARCHI|LOS ANGELES,176
ALAJUELA|ATENAS|ESCOBAL,542
GUANACASTE|BAGACES|MONTANO,236
LIMON|SIQUIRRES|MADRE DE DIOS,277
ALAJUELA|UPALA|AGUAS CLARAS,817
LIMON|MATINA|CUATRO MILLAS,307
CARTAGO|TURRIALBA|SANTA CRUZ,755
ALAJUELA|UPALA|SAN JOSE O PIZOTE,3031
ALAJUELA|SARCHI|SABANILLA,439
GUANACASTE|NICOYA|SANTA ELENA (PARTE OESTE),263
PUNTARENAS|OSA|EL PROGRESO,120
CONSULADO|EMIRATOS ARABES UNIDOS|ABU DHABI,46
ALAJUELA|ATENAS|SAN ISIDRO,653
GUANACASTE|SANTA CRUZ|SANTA ROSA,837
PUNTARENAS|OSA|FINCA GUANACASTE (PARTE OESTE),123
CARTAGO|TURRIALBA|BONILLA ARRIBA,67
CARTAGO|EL GUARCO|LA ESTRELLA,483
GUANACASTE|CAÑAS|SAN MARTIN,2389
ALAJUELA|PALMARES|CALLE VARGAS,1154
CARTAGO|TURRIALBA|EL SILENCIO,272
CARTAGO|TURRIALBA|GUAYABO ABAJO,334
ALAJUELA|GRECIA|CAJON ARRIBA,292
GUANACASTE|NANDAYURE|SAN PABLO,1146
LIMON|TALAMANCA|DAYTONIA,683
GUANACASTE|SANTA CRUZ|CACAO,913
GUANACASTE|BAGACES|RIO NARANJO,666
HEREDIA|SARAPIQUI|LOS ANGELES DE COLONIA CARVAJAL,140
PUNTARENAS|CENTRAL|MANZANILLO DEL GOLFO,415
ALAJUELA|RIO CUARTO|LOS ANGELES,211
ALAJUELA|UPALA|CARTAGOS NORTE,280
CARTAGO|TURRIALBA|LA FLOR DE TRES EQUIS,277
ALAJUELA|SAN RAMON|ALTO VILLEGAS,401
PUNTARENAS|CENTRAL|ISLA CABALLO,189
SAN JOSE|PEREZ ZELEDON|VILLA BONITA,82
CARTAGO|TURRIALBA|PACAYITAS,439
ALAJUELA|ATENAS|RINCON DE SAN ISIDRO,929
HEREDIA|SANTA BARBARA|LOS CARTAGOS,111
GUANACASTE|ABANGARES|LA PALMA,904
GUANACASTE|SANTA CRUZ|SAN JOSE DE PINILLA,578
ALAJUELA|NARANJO|SAN FRANCISCO (VACA MUERTA),358
GUANACASTE|SANTA CRUZ|DELICIAS,446
GUANACASTE|LIBERIA|CAÑAS DULCES,1362
LIMON|TALAMANCA|GANDOCA,227
CARTAGO|TURRIALBA|MOLLEJONES,168
PUNTARENAS|OSA|DRAKE (AGUJITAS),656
ALAJUELA|SAN CARLOS|SAN PEDRO Y TABLA GRANDE,169
PUNTARENAS|GOLFITO|PUNTA BANCO (NICARAGUA),278
ALAJUELA|LOS CHILES|COQUITAL,762
ALAJUELA|LOS CHILES|CRISTO REY,407
GUANACASTE|BAGACES|BEBEDERO (NORTE DEL RIO),181
ALAJUELA|SAN CARLOS|PALMAR,232
GUANACASTE|NICOYA|SANTO DOMINGO,115
PUNTARENAS|CENTRAL|BELLO HORIZONTE,303
GUANACASTE|NICOYA|ZAPOTE,262
GUANACASTE|LA CRUZ|LA GARITA,589
LIMON|TALAMANCA|HLE. SANTA LUISA,23
PUNTARENAS|ESPARZA|PARAISO O BRUSELAS,257
LIMON|CENTRAL|SANTA RITA,217
ALAJUELA|LOS CHILES|LOS LIRIOS,650
GUANACASTE|LIBERIA|CERECEDA (GUADALUPE),1114
GUANACASTE|NANDAYURE|QUEBRADA SECA O PILAS DE BEJUCO,166
ALAJUELA|SAN CARLOS|CONCEPCION,150
CONSULADO|CHINA|BEIJIN,109
PUNTARENAS|CORREDORES|RIO BONITO DE NEILY,175
GUANACASTE|TILARAN|CABECERAS DE CAÑAS,623
ALAJUELA|GRECIA|SAN ISIDRO,1445
GUANACASTE|NICOYA|SAN VICENTE ABAJO,545
GUANACASTE|CARRILLO|COYOLITO,332
GUANACASTE|ABANGARES|SAN BUENAVENTURA,728
CARTAGO|TURRIALBA|COLORADO,817
LIMON|CENTRAL|HLE. VICTOR CASCO TORRES,18
ALAJUELA|CENTRAL|CERRILLAL,335
SAN JOSE|DOTA|SUKIA O EL BRUJO,47
ALAJUELA|ZARCERO|SANTA ROSA,985
CARTAGO|JIMENEZ|EL NARANJO,584
CARTAGO|TURRIALBA|SAN VICENTE,180
ALAJUELA|UPALA|SAN RAMON,675
LIMON|CENTRAL|VALLE AURORA,321
ALAJUELA|PALMARES|RINCON DE ZARAGOZA,3215
PUNTARENAS|CENTRAL|BOCANA,391
PUNTARENAS|ESPARZA|CERRILLOS,146
ALAJUELA|UPALA|LAS BRISAS (MIRAMAR),425
ALAJUELA|SAN RAMON|BAJO LA PAZ,657
LIMON|MATINA|ESPERANZA,296
ALAJUELA|SAN RAMON|LLANO DE BRENES,494
GUANACASTE|BAGACES|LA FORTUNA,1795
CARTAGO|ALVARADO|LOURDES (CALLEJON),71
GUANACASTE|ABANGARES|PEÑAS BLANCAS,324
PUNTARENAS|MONTES DE ORO|LA UNION,211
GUANACASTE|NICOYA|CUAJINIQUIL,202
LIMON|POCOCI|BOCA TORTUGUERO,782
ALAJUELA|CENTRAL|CAI. LUIS PAULINO MORA MORA,447
CARTAGO|ALVARADO|SANTA TERESA,548
GUANACASTE|TILARAN|RIO PIEDRAS (GUADALAJARA),323
ALAJUELA|GRECIA|CALLE RODRIGUEZ,599
GUANACASTE|CAÑAS|SANDILLAL,516
GUANACASTE|NICOYA|FLORIDA,387
GUANACASTE|NICOYA|LOMA BONITA O LAS CASITAS,459
ALAJUELA|SAN CARLOS|ESTERITO,298
GUANACASTE|HOJANCHA|LOS ANGELES NORTE,205
PUNTARENAS|BUENOS AIRES|SALITRE,496
ALAJUELA|UPALA|VILLANUEVA,869
PUNTARENAS|CENTRAL|PUERTO PALITO,378
LIMON|CENTRAL|VESTA,457
ALAJUELA|SAN CARLOS|LAS BRISAS,101
ALAJUELA|SAN MATEO|MADERAL,118
GUANACASTE|CAÑAS|BEBEDERO (SUR DEL RIO),1302
GUANACASTE|HOJANCHA|HUACAS,390
CARTAGO|ALVARADO|BUENA VISTA,169
ALAJUELA|SARCHI|SAN JOSE DE TROJAS,796
GUANACASTE|SANTA CRUZ|TALOLINGUITA,373
ALAJUELA|UPALA|RIO NEGRO,317
LIMON|POCOCI|LA FORTUNA,172
CARTAGO|ALVARADO|SAN RAFAEL DE IRAZU,289
ALAJUELA|SAN CARLOS|SAN RAFAEL DE PLATANAR,171
CONSULADO|NICARAGUA|CHINANDEGA,171
GUANACASTE|TILARAN|FLORIDA (PATIOS),151
GUANACASTE|NICOYA|SAN ANTONIO,770
ALAJUELA|SAN CARLOS|BOCA TAPADA,311
CONSULADO|AUSTRIA|VIENA,191
ALAJUELA|UPALA|HIGUERON (PARTE SUR),444
LIMON|SIQUIRRES|SEIS AMIGOS,186
ALAJUELA|SAN CARLOS|SONAFLUCA,1213
GUANACASTE|NICOYA|MORACIA,666
ALAJUELA|GRECIA|SAN MIGUEL,631
CARTAGO|PARAISO|EL YAS,775
ALAJUELA|SAN RAMON|SALVADOR,174
LIMON|POCOCI|CAI. CARLOS LUIS FALLAS (MOD. D-E),246
GUANACASTE|CAÑAS|JABILLA ABAJO,410
GUANACASTE|NICOYA|CORRALILLO,891
GUANACASTE|NANDAYURE|SAN ANTONIO DE ZAPOTAL,205
PUNTARENAS|OSA|SAN BUENAVENTURA,351
PUNTARENAS|CENTRAL|MAL PAIS,254
GUANACASTE|NICOYA|LA ESPERANZA SUR,536
GUANACASTE|NICOYA|PUERTO HUMO,177
GUANACASTE|NANDAYURE|COROZALITO,238
ALAJUELA|ZARCERO|PUEBLO NUEVO DE LA PICADA,476
GUANACASTE|LIBERIA|CURUBANDE,430
ALAJUELA|UPALA|COLONIA BLANCA,326
ALAJUELA|SAN CARLOS|CORAZON DE JESUS,261
GUANACASTE|NICOYA|BARRAHONDA O NACAOME,398
GUANACASTE|SANTA CRUZ|RIO SECO,447
GUANACASTE|CARRILLO|LOS PLANES,323
PUNTARENAS|OSA|ALTO LAGUNA,120
ALAJUELA|SAN RAMON|SOCORRO,143
ALAJUELA|ZARCERO|TAPESCO,990
ALAJUELA|RIO CUARTO|LA VICTORIA  (PARTE SUR),396
PUNTARENAS|CENTRAL|GUACIMAL,582
GUANACASTE|ABANGARES|SAN RAFAEL (DESPACIO),390
ALAJUELA|UPALA|SAN ISIDRO DE ZAPOTE,854
ALAJUELA|SAN CARLOS|SANTA RITA,470
GUANACASTE|NANDAYURE|EL CARMEN,168
GUANACASTE|LIBERIA|CAI. CALLE REAL (MOD. B CASITAS),256
PUNTARENAS|CENTRAL|VALLE AZUL,277
LIMON|POCOCI|CAI. CARLOS LUIS FALLAS (MOD. ABC),372
ALAJUELA|SAN MATEO|ESTANQUILLOS O SAN ANTONIO (P.O.),79
ALAJUELA|SAN CARLOS|SAN JOSE DE LA MONTAÑA,109
PUNTARENAS|MONTES DE ORO|PALMITAL,266
CONSULADO|BELGICA|BRUSELAS,218
ALAJUELA|CENTRAL|CAI. GERARDO RODRIGUEZ ECHEVERRIA,508
SAN JOSE|PURISCAL|BAJO REY,41
PUNTARENAS|CENTRAL|MALINCHE,242
CARTAGO|TURRIALBA|BAJO PACUARE O SUR,171
CONSULADO|URUGUAY|MONTEVIDEO,31
LIMON|TALAMANCA|AMUBRI,2108
ALAJUELA|SAN CARLOS|SAN JOSECITO DE CUTRIS,263
ALAJUELA|ZARCERO|LAGUNA,1231
ALAJUELA|ZARCERO|ZAPOTE,289
PUNTARENAS|MONTES DE ORO|ZAGALA VIEJA,215
GUANACASTE|TILARAN|SAN RAMON,227
ALAJUELA|NARANJO|LOS ROBLES,350
ALAJUELA|ZARCERO|SAN LUIS O MORELOS,341
PUNTARENAS|GOLFITO|CACAO,141
PUNTARENAS|CENTRAL|ISLA DEL COCO,21
GUANACASTE|SANTA CRUZ|GUAITIL,509
PUNTARENAS|QUEPOS|PASITO,163
PUNTARENAS|CENTRAL|CAI. 26 DE JULIO (SENTENCIADOS),570
GUANACASTE|CAÑAS|HOTEL,491
GUANACASTE|NICOYA|GARZA,264
GUANACASTE|BAGACES|MONTENEGRO,670
ALAJUELA|CENTRAL|CAI. AMBITOS A Y B (MINIMA),710
LIMON|SIQUIRRES|PERLA,764
GUANACASTE|ABANGARES|COYOLITO DE ABANGARES O LA PEÑA,50
GUANACASTE|ABANGARES|CAMPOS DE ORO DE ABANGARES,214
PUNTARENAS|GOLFITO|FINCA 54,581
LIMON|TALAMANCA|SIBUJU,358
PUNTARENAS|CENTRAL|PLAYA BLANCA,164
GUANACASTE|ABANGARES|RANCHO ANIA O LOURDES (PARTE),492
CONSULADO|PANAMA|DAVID,301
GUANACASTE|CARRILLO|CORRALILLO,668
GUANACASTE|LA CRUZ|ARMENIA,85
ALAJUELA|CENTRAL|CAI. REYNALDO VILLALOBOS Z.,532
GUANACASTE|NICOYA|QUEBRADA HONDA,374
GUANACASTE|NANDAYURE|BELLAVISTA,107
PUNTARENAS|BUENOS AIRES|CACIQUE,63
GUANACASTE|LA CRUZ|LAS BRISAS,234
GUANACASTE|NANDAYURE|JABILLOS,283
PUNTARENAS|BUENOS AIRES|PUENTE DE SALITRE,378
ALAJUELA|RIO CUARTO|SAN VICENTE,115
PUNTARENAS|CORREDORES|MARIPOSA,329
GUANACASTE|SANTA CRUZ|BERNABELA,603
PUNTARENAS|PARRITA|ISLA DAMAS,37
PUNTARENAS|CENTRAL|ORIENTE (ISLA VENADO PARTE),455
ALAJUELA|SAN CARLOS|LA LEGUA,296
SAN JOSE|CENTRAL|CAI. CRISTO REY (SAN SEBASTIAN),252
ALAJUELA|SAN CARLOS|JICARITO,398
ALAJUELA|LOS CHILES|VERACRUZ,422
ALAJUELA|SAN RAMON|LA GUARIA,510
PUNTARENAS|MONTES DE ORO|LAGUNA,174
ALAJUELA|NARANJO|BARRANCA,383
ALAJUELA|CENTRAL|CAI. AMBITO C (MEDIANA ABIERTA),310
PUNTARENAS|CENTRAL|SANTA TERESA (CARMEN),682
LIMON|SIQUIRRES|SAN ANTONIO,219
ALAJUELA|SAN RAMON|LA BALSA,94
HEREDIA|SARAPIQUI|COLONIA LA GATA,189
GUANACASTE|CAÑAS|NUEVA GUATEMALA,403
CARTAGO|TURRIALBA|SAN JOAQUIN (CABEZA DE BUEY),235
GUANACASTE|ABANGARES|HIGUERILLAS,104
ALAJUELA|UPALA|SANTA ROSA (CHIMURRIA ARRIBA),298
CARTAGO|ALVARADO|IRAZU SUR,372
GUANACASTE|LIBERIA|IRIGARAY,388
ALAJUELA|GUATUSO|SILENCIO,413
GUANACASTE|TILARAN|LAS NUBES DE RIO CHIQUITO,158
CARTAGO|OREAMUNO|SAN GERARDO SUR DE PASQUI,444
GUANACASTE|HOJANCHA|BETANIA O JOBO,100
GUANACASTE|LA CRUZ|TEMPATAL,371
ALAJUELA|ZARCERO|PALMIRA,559
GUANACASTE|SANTA CRUZ|GARITA NUEVA,450
HEREDIA|BARVA|SACRAMENTO,89
GUANACASTE|SANTA CRUZ|ORTEGA,988
ALAJUELA|SAN CARLOS|BUENAVISTA,321
ALAJUELA|SAN RAMON|BUREAL,123
GUANACASTE|NANDAYURE|SAN PEDRO,200
SAN JOSE|PEREZ ZELEDON|CAI. PABRU PRESBERI,209
ALAJUELA|UPALA|SANTA CLARA (PARTE ESTE),557
ALAJUELA|CENTRAL|CAI. AMBITO E INDICIADOS PENSIONES,356
ALAJUELA|SAN CARLOS|GUARIA DE FORTUNA,124
ALAJUELA|SAN CARLOS|CAI. NELSON MANDELA,436
GUANACASTE|NANDAYURE|BEJUCO,256
SAN JOSE|CENTRAL|C.S.M CAPEMCOL,111
LIMON|SIQUIRRES|GUAYACAN,204
LIMON|TALAMANCA|BRATSI (BAMBU O DON DIEGO),438
GUANACASTE|NICOYA|CABALLITO,313
GUANACASTE|ABANGARES|MONTE POTRERO O PUEBLO NUEVO,308
LIMON|SIQUIRRES|LUCHA,253
ALAJUELA|UPALA|BUENOS AIRES,168
GUANACASTE|BAGACES|PUEBLO NUEVO,210
GUANACASTE|ABANGARES|LA SIERRA (LAS MINAS),338
PUNTARENAS|COTO BRUS|MONTERREY,82
GUANACASTE|NICOYA|RIO GRANDE,423
PUNTARENAS|MONTES DE ORO|CEDRAL,360
ALAJUELA|GUATUSO|SANTA FE,412
CONSULADO|PERU|LIMA,239
HEREDIA|SARAPIQUI|LOS ARBOLITOS (PARTE ESTE),149
ALAJUELA|UPALA|SANTO DOMINGO,219
GUANACASTE|BAGACES|BAGATZI,227
GUANACASTE|CAÑAS|POROZAL,372
ALAJUELA|RIO CUARTO|SAN RAFAEL DE RIO CUARTO(CUCARACHO,385
GUANACASTE|TILARAN|SAN MIGUEL,235
PUNTARENAS|BUENOS AIRES|PALMITAL,121
ALAJUELA|LOS CHILES|PORVENIR DE SAN JORGE,319
CARTAGO|PARAISO|ALEGRIA,144
GUANACASTE|ABANGARES|SAN JOAQUIN,335
PUNTARENAS|CENTRAL|CABUYA,341
ALAJUELA|GUATUSO|LA GARITA,50
GUANACASTE|NICOYA|EL ROSARIO,344
GUANACASTE|TILARAN|LA UNION,63
GUANACASTE|NICOYA|BARCO QUEBRADO,437
ALAJUELA|UPALA|LAS FLORES,195
GUANACASTE|BAGACES|SALITRAL,133
LIMON|POCOCI|CAI. 20 DE DICIEMBRE,210
PUNTARENAS|ESPARZA|ARTIEDA (CHUMICAL),64
GUANACASTE|SANTA CRUZ|TEMPATE,540
ALAJUELA|SAN RAMON|CALLE LEON,346
HEREDIA|SARAPIQUI|GOLFITO,182
CONSULADO|REPUBLICA DOMINICANA|SANTO DOMINGO,169
ALAJUELA|SAN CARLOS|SAN BOSCO,324
PUNTARENAS|CENTRAL|FLORIDA(ISLA VENADO PARTE),276
LIMON|POCOCI|CAI. CARLOS LUIS F. (AGROPECUARIO),112
ALAJUELA|SAN RAMON|SAN FRANCISCO,199
ALAJUELA|SAN CARLOS|LA UNION,289
CONSULADO|RUSIA|MOSCU,55
HEREDIA|SARAPIQUI|SAN JOSE DE RIO SARAPIQUI,38
ALAJUELA|SAN RAMON|LA PAZ,381
ALAJUELA|UPALA|CUATRO BOCAS,455
GUANACASTE|TILARAN|LOS ANGELES (SANTA ROSA),927
ALAJUELA|UPALA|GUAYABAL O EL CARMEN,209
GUANACASTE|NANDAYURE|CERRO AZUL,139
CONSULADO|CUBA|LA HABANA,44
GUANACASTE|CAÑAS|SAN JUAN,97
PUNTARENAS|BUENOS AIRES|LAS VEGAS DE RIO CHANGUENA,118
CARTAGO|OREAMUNO|SAN JUAN DE CHICUA,569
CONSULADO|INDIA|NUEVA DELHI,12
GUANACASTE|TILARAN|SAN LUIS,298
ALAJUELA|NARANJO|LOURDES,605
ALAJUELA|UPALA|COLONIA LIBERTAD,182
SAN JOSE|DESAMPARADOS|CAI. VILMA CURLING RIVERA,242
GUANACASTE|NICOYA|IGUANITA,244
GUANACASTE|NICOYA|MATAMBUGUITO,201
GUANACASTE|TILARAN|VIEJO ARENAL,59
ALAJUELA|UPALA|MORENO CAÑAS,460
ALAJUELA|UPALA|LLANO AZUL,314
ALAJUELA|CENTRAL|CAI.  AMBITO D (MEDIANA CERRADA),488
GUANACASTE|NICOYA|SABANA GRANDE,515
CARTAGO|EL GUARCO|PATIO DE AGUA,131
PUNTARENAS|CENTRAL|CEBADILLA DE ARANJUEZ (BRILLANTE),273
PUNTARENAS|CENTRAL|COYOLITO (OESTE),265
CARTAGO|JIMENEZ|SANTA MARTA,54
HEREDIA|SARAPIQUI|LLANO GRANDE,174
GUANACASTE|NANDAYURE|QUEBRADA NANDO,127
PUNTARENAS|CORREDORES|LOS PLANES,178
GUANACASTE|NICOYA|MONTAÑITA,88
GUANACASTE|SANTA CRUZ|SAN JOSE DE LA MONTAÑA,188
GUANACASTE|CARRILLO|SANTA RITA,514
CARTAGO|PARAISO|PURISIL,209
ALAJUELA|LOS CHILES|ARCO IRIS,92
PUNTARENAS|MONTES DE ORO|TAJO ALTO (PARTE SUR),148
GUANACASTE|TILARAN|LIBANO,352
CARTAGO|OREAMUNO|SAN PABLO,613
GUANACASTE|ABANGARES|CAÑITAS,315
PUNTARENAS|CENTRAL|VAINILLA,86
ALAJUELA|SAN CARLOS|AGUA AZUL,140
CONSULADO|PARAGUAY|ASUNCION,38
GUANACASTE|LIBERIA|SANTA MARIA,63
GUANACASTE|NICOYA|ACOYAPA,312
CARTAGO|JIMENEZ|LOS ALPES,471
GUANACASTE|LA CRUZ|CAOBA,479
GUANACASTE|LA CRUZ|COPALCHI,370
CONSULADO|JAMAICA|KINGSTON JAMAICA,16
PUNTARENAS|GOLFITO|UNION DE COTO NORTE,61
ALAJUELA|LOS CHILES|COBANO,120
CARTAGO|TURRIALBA|EL TORITO (PARTE ESTE),160
GUANACASTE|TILARAN|SILENCIO,110
PUNTARENAS|GOLFITO|GUAYMI DE BURICA,260
GUANACASTE|NICOYA|EL CAÑAL,169
GUANACASTE|NICOYA|EL FLOR (ROJAS),178
CONSULADO|SINGAPUR|SINGAPUR,49
GUANACASTE|ABANGARES|ALTO CEBADILLA,111
GUANACASTE|NICOYA|SAN FERNANDO,383
ALAJUELA|GUATUSO|CABANGA DE COTE (PUEBLO NUEVO),540
GUANACASTE|NANDAYURE|TACANIS,94
CONSULADO|KENIA|NAIROBI,8
ALAJUELA|UPALA|BETANIA,356
GUANACASTE|BAGACES|LLANOS DE CORTES,285
CONSULADO|QATAR|DOHA,47
GUANACASTE|NANDAYURE|SAN RAMON,163
PUNTARENAS|CENTRAL|GIGANTE,58
CONSULADO|TURQUIA|ANKARA,8
GUANACASTE|HOJANCHA|ARBOLITOS (SANTA MARTA),270
PUNTARENAS|GOLFITO|LA PEÑA DE BURICA,226
ALAJUELA|ZARCERO|GUADALUPE,151
GUANACASTE|BAGACES|RIO CHIQUITO,173
PUNTARENAS|CORREDORES|VEGAS DEL RIO LA VACA NIBIRIBOTDA,244
GUANACASTE|ABANGARES|BARRIO JESUS,149
GUANACASTE|HOJANCHA|LA MARAVILLA,266
GUANACASTE|LA CRUZ|EL PORVENIR (SANTA ROGELIA),149
ALAJUELA|UPALA|BRASILIA,503
CARTAGO|TURRIALBA|CALLE VARGAS,267
CARTAGO|TURRIALBA|TSIPIRI (QUEBRADA PLATANILLO),562
GUANACASTE|LIBERIA|CAI. CALLE REAL (MODULO D1-D2),227
ALAJUELA|SAN RAMON|ZAPOTAL PARTE ESTE,41
CARTAGO|PARAISO|SAN MIGUEL O HAMACA (PARTE OESTE),80
CARTAGO|PARAISO|ALTO DE ARAYA,282
GUANACASTE|NICOYA|CUESTA GRANDE,217
PUNTARENAS|CENTRAL|BAJO CALIENTE (PARTE OESTE),185
PUNTARENAS|CENTRAL|BAJO NEGRO,102
PUNTARENAS|CENTRAL|CAI. 26 DE JULIO (INDICIADOS),103
GUANACASTE|CAÑAS|EL VERGEL,116
GUANACASTE|NICOYA|LA VIRGINIA DE GAMALOTAL,440
CARTAGO|OREAMUNO|SAN GERARDO NORTE DEL IRAZU,88
GUANACASTE|TILARAN|SOLANIA,214
ALAJUELA|UPALA|AMERICA,462
HEREDIA|SARAPIQUI|PANGOLA O SAN JUAN,220
GUANACASTE|TILARAN|AGUACATE (PARTE OESTE),104
CARTAGO|PARAISO|SAN JERONIMO O GUATUSO,408
GUANACASTE|NICOYA|JUNTAS,75
GUANACASTE|LA CRUZ|LA VIRGEN,224
GUANACASTE|LIBERIA|RODEITO,245
ALAJUELA|SAN CARLOS|SAN VICENTE,289
ALAJUELA|SAN RAMON|CARRERA BUENA,103
CARTAGO|TURRIALBA|QUETZAL,392
CONSULADO|COREA|SEUL,56
ALAJUELA|UPALA|DOS RIOS O COLONIA MAYORGA,785
ALAJUELA|ZARCERO|SAN JUAN DE LAJAS,158
PUNTARENAS|CENTRAL|CHAPERNAL,96
CARTAGO|ALVARADO|LLANO GRANDE,357
CARTAGO|TURRIALBA|LAS VIRTUDES,144
GUANACASTE|LA CRUZ|JOBO (COLONIA GIL TABLADA),525
ALAJUELA|ZARCERO|LEGUA,365
ALAJUELA|SAN CARLOS|SAN CRISTOBAL,102
GUANACASTE|BAGACES|AGUA CALIENTE,311
GUANACASTE|LA CRUZ|GUAPINOL,162
CONSULADO|CHINA|SHANGHAI,46
PUNTARENAS|CENTRAL|PITAHAYA,416
LIMON|TALAMANCA|SEPEQUE,1238
GUANACASTE|TILARAN|RIO CHIQUITO,68
ALAJUELA|SAN CARLOS|LA VIEJA,162
PUNTARENAS|CENTRAL|EL BALSO,49
ALAJUELA|GUATUSO|TONJIBE,325
CARTAGO|TURRIALBA|ALTO VARAL,233
LIMON|GUACIMO|OJO DE AGUA O SAN GDO (DESTIERRO),47
ALAJUELA|UPALA|SAN JORGE O RIO NEGRO,816
ALAJUELA|LOS CHILES|LAS NUBES,344
GUANACASTE|HOJANCHA|PITA RAYADA,161
GUANACASTE|ABANGARES|LOS ANGELES (PORTONES),43
GUANACASTE|HOJANCHA|CUESTA ROJA,143
PUNTARENAS|CENTRAL|SAN LUIS DE MONTEVERDE,347
GUANACASTE|CARRILLO|ALTOS DEL ROBLE,64
HEREDIA|SAN ISIDRO|CAI. SAN ISIDRO JUVENIL ZURQUI,17
ALAJUELA|SAN RAMON|EL CASTILLO,241
ALAJUELA|SAN CARLOS|CHAMBACU DE MONTERREY,153
GUANACASTE|NICOYA|MAQUENCO,205
ALAJUELA|SAN CARLOS|MORAVIA,214
ALAJUELA|UPALA|NAZARETH,329
GUANACASTE|TILARAN|SAN JOSE,100
PUNTARENAS|CENTRAL|CORAZON DE JESUS (ARANCIBIA NORTE),169
GUANACASTE|BAGACES|CUIPILAPA,76
LIMON|TALAMANCA|KATSI,740
ALAJUELA|UPALA|BIRMANIA,268
PUNTARENAS|CENTRAL|SANTA ROSA,124
ALAJUELA|CENTRAL|CAI. CENT. NAC. DE ATENCION ESPEC.,26
PUNTARENAS|CENTRAL|JUAN DE LEON,97
ALAJUELA|LOS CHILES|LA UNION,226
GUANACASTE|NANDAYURE|LOS ANGELES,344
ALAJUELA|GUATUSO|PATASTE,352
GUANACASTE|TILARAN|HLE. TILARAN,22
LIMON|CENTRAL|LOMA LINDA,53
ALAJUELA|UPALA|EL SALTO,195
LIMON|SIQUIRRES|SAN JOSE O BAJOS DE PASCUA(ESTAC),83
LIMON|TALAMANCA|YORKIN,259
GUANACASTE|NICOYA|SILENCIO,97
CONSULADO|INDONESIA|YAKARTA,6
GUANACASTE|ABANGARES|EL DOS DE ABANGARES (BAJO CHARIO),187
ALAJUELA|LOS CHILES|SANTA ELENA DE ISLA CHICA,171
HEREDIA|SARAPIQUI|ANGELES DE RIO SARAPIQUI,189
CARTAGO|TURRIALBA|ALTO PACUARE ARRIBA (DUCLAC),271
GUANACASTE|HOJANCHA|LAJAS,169
ALAJUELA|UPALA|CARTAGOS SUR,143
PUNTARENAS|CENTRAL|OJO DE AGUA,135
PUNTARENAS|ESPARZA|PEÑA BLANCA,129
GUANACASTE|ABANGARES|TORNOS,172
GUANACASTE|NICOYA|EL ROBLAR,134
LIMON|CENTRAL|GAVILAN (SHICALARBATA),939
ALAJUELA|GUATUSO|MONICO,164
ALAJUELA|SAN CARLOS|MONTELIMAR,91
LIMON|CENTRAL|JAKKUE (SITIO HILDA PARTE ESTE),67
ALAJUELA|SAN CARLOS|GUARIA DE POCOSOL,318
GUANACASTE|NICOYA|RIO MONTAÑA,65
LIMON|TALAMANCA|BAJO TELIRE (BAJO BLEY),251
LIMON|CENTRAL|SINOLI,260
GUANACASTE|SANTA CRUZ|EL SOCORRO,151
GUANACASTE|NICOYA|LA ESPERANZA NORTE O DE JUAN DIAZ,232
ALAJUELA|ZARCERO|ANATERI,70
LIMON|TALAMANCA|COROMA (COLOQCHA),404
GUANACASTE|LA CRUZ|LOS ANDES,124
LIMON|SIQUIRRES|SAN ISIDRO O ALTOS DE PASCUA,85
GUANACASTE|SANTA CRUZ|PALMARES,39
PUNTARENAS|ESPARZA|MESETAS ABAJO,69
GUANACASTE|NICOYA|MONTE GALAN,125
GUANACASTE|NICOYA|NARANJAL,255
ALAJUELA|LOS CHILES|LA URRACA,165
LIMON|CENTRAL|ALTO CWEN,509
LIMON|CENTRAL|XIQIARI,620
ALAJUELA|UPALA|PATA DE GALLO (PARTE NORTE),48
HEREDIA|SARAPIQUI|SANTA DELIA,58
PUNTARENAS|MONTES DE ORO|RIO SECO,74
CARTAGO|TURRIALBA|JACBATA (CERRO AZUL),39
ALAJUELA|CENTRAL|CAI. ADULTO JOVEN,129
GUANACASTE|NICOYA|CONCEPCION DE PLATANILLO,62
PUNTARENAS|CENTRAL|SAN RAFAEL DE ACAPULCO,47
PUNTARENAS|BUENOS AIRES|CAÑO BRAVO,172
GUANACASTE|NICOYA|CERRO NEGRO,104
GUANACASTE|SANTA CRUZ|RIO TABACO ARRIBA,91
PUNTARENAS|GOLFITO|ALTO CONTE (MOLO DUBTDO),361
GUANACASTE|NICOYA|EL JOBO NORTE,179
GUANACASTE|LA CRUZ|BELICE,163
LIMON|CENTRAL|ALMIRANTE,472
CARTAGO|TURRIALBA|NIMARI-ÑAC (RIO PEJE),226
CARTAGO|TURRIALBA|BOLORI ÑAC (CAPILLA UNO),368
LIMON|MATINA|PALMERA (CATSAQIBI),342
GUANACASTE|NICOYA|PILAS BLANCAS,58
ALAJUELA|SAN CARLOS|SAN MIGUEL O LIMBO,105
GUANACASTE|BAGACES|SAN ISIDRO DE LIMONAL,117
GUANACASTE|LIBERIA|LAS LILAS,132
PUNTARENAS|CENTRAL|CUAJINIQUIL,46
GUANACASTE|SANTA CRUZ|JAZMINAL,48
CARTAGO|TURRIALBA|NAMALDI,119
LIMON|TALAMANCA|ALTO TELIRE (BAJO PIEDRA MESA ),275
CARTAGO|TURRIALBA|JAKI (CAPILLA DOS CHIRRIPO ARRIBA),419
CARTAGO|TURRIALBA|JAMO (SITIO HILDA PARTE OESTE),78
CARTAGO|TURRIALBA|ALTO PACUARE ABAJO (JEKUI),128
GUANACASTE|NICOYA|HLE. SAN BLAS,22
GUANACASTE|SANTA CRUZ|VISTAMAR (CENIZOSA),38
